title,date
ဂါဇာမှာ အစ္စရေး တိုက်ခိုက်မှုကြောင့် သေဆုံးခဲ့ရသူ ဒေါင်းဝေဒနာရှင်,၁၇ ဇူလိုင် ၂၀၂၄
သံတွဲကို AA ထိန်းချုပ်နိုင်ပြီလား,၁၇ ဇူလိုင် ၂၀၂၄
ဘန်ကောက် ဟိုတယ်ထဲ သေဆုံးသူ ၆ ဦးရဲ့သွေးထဲမှာ ဆိုင်ယာနိုက် တွေ့,၁၇ ဇူလိုင် ၂၀၂၄
မြန်မာပါတီ ၄ ခုကို တရုတ် ကွန်မြူနစ်ပါတီ ဖိတ်ကြား,၁၆ ဇူလိုင် ၂၀၂၄
ရစ်ပတ်ဘလီကန် ပါတီညီလာခံ ဒေါ်နယ်ထရမ့် တက်ရောက်,၁၆ ဇူလိုင် ၂၀၂၄
ထရမ့်ကို “ပစ်မှတ်”လုပ်ဖို့ ပြောမိတဲ့သူ့မှတ်ချက်တွေ မသင့်လျော်ဘူးလို့ ဘိုင်ဒန် ဝန်ခံ,၁၆ ဇူလိုင် ၂၀၂၄
ထရမ့်ကို လုပ်ကြံဖို့ကြိုးစားမှုဖြစ်ခဲ့အပြီး အရေးကြီးပုဂ္ဂိုလ်လုံခြုံရေးအဖွဲ့အပေါ်ရှိလာတဲ့ မေးခွန်း ငါးခု,၁၅ ဇူလိုင် ၂၀၂၄
ဒေါ်နယ် ထရမ့်ကို ပစ်ခတ်ခဲ့တဲ့သေနတ်သမား ဘယ်သူလဲ,၁၅ ဇူလိုင် ၂၀၂၄
ဒေါ်နယ်ထရမ့် သေနတ်ပစ်ခံရမှု - လုပ်ကြံသတ်ဖြတ်ရန် ကြိုးပမ်းမှုလို့ FBI ပြော,၁၄ ဇူလိုင် ၂၀၂၄
ထိုင်းဗီဇာမလိုဘဲ ပြည်တွင်းဝင်ခွင့် နိုင်ငံ ၃၀ ကျော်ကို တိုးပေး,၁၃ ဇူလိုင် ၂၀၂၄
ဂျိုးဘိုင်ဒန် ရွေးကောက်ပွဲ မပြိုင်ဖို့ တောင်းဆိုမှုတွေရှိနေ,၁၂ ဇူလိုင် ၂၀၂၄
စစ်ရေး လျှို့ဝှက်ချက် ကိုင်တွယ်ပုံမှားလို့ ဂျပန် ရေတပ်ဦးစီးချုပ် နုတ်ထွက်,၁၂ ဇူလိုင် ၂၀၂၄
ကမ္ဘာ့အချမ်းသာဆုံးစာရင်းဝင် အိန္ဒိယသူဌေးကြီးရဲ့ သား မင်္ဂလာဆောင် ဘာတွေထူးခြားလဲ,၁၂ ဇူလိုင် ၂၀၂၄
နေတိုး စွပ်စွဲချက် တရုတ်တုံ့ပြန်၊ အမေရိကန် ခရုဇ် ဒုံးကျည်တွေ ဂျာမနီဆီ ပြန်ပို့လို့ ရုရှား စိတ်ဆိုး,၁၁ ဇူလိုင် ၂၀၂၄
အမျိုးသား သတ်သေမှု များတာ အမျိုးသမီးတွေကြောင့်လို့ တောင်ကိုရီးယား နိုင်ငံရေးသမား အပြစ်တင်,၁၀ ဇူလိုင် ၂၀၂၄
နောင်ချိုနဲ့ လားရှိုးက စစ်ရေးအခြေအနေ,၁၀ ဇူလိုင် ၂၀၂၄
မော်စကိုမှာ ပူတင်နဲ့တွေ့ တဲ့ မိုဒီ၊ ရုရှားနဲ့ အမေရိကန်ကြား ဗျာများတဲ့ အိန္ဒိယ,၉ ဇူလိုင် ၂၀၂၄
မန္တလေးနဲ့ နီးကပ်လာတဲ့တိုက်ပွဲတွေ ဘယ်အထိ ကျယ်ပြန့်လာနိုင်ပါသလဲ,၉ ဇူလိုင် ၂၀၂၄
Nato အဖွဲ့ဆိုတာ ဘာလဲ၊ ကာကွယ်ရေးကို ဘယ်လိုတိုးမြှင့်နေလဲ,၉ ဇူလိုင် ၂၀၂၄
ပြင်သစ်ပါလီမန်ရွေးကောက်ပွဲမှာ လက်ယာစွန်းပါတီ အထိနာ,၈ ဇူလိုင် ၂၀၂၄
ဘိုလီဗီးယား - ကမ္ဘာမှာ စစ်အာဏာသိမ်းမှု အများဆုံးဖြစ်ပွားရတဲ့အကြောင်းရင်း   ၃ ချက်,၈ ဇူလိုင် ၂၀၂၄
ဘီလျံနာ သူဌေးတွေရဲ့ ငပလီ သောက,၇ ဇူလိုင် ၂၀၂၄
လူရာကျော် ပိသေဆုံးမှု သူ့မှာတာဝန်မရှိဘူးလို့ အိန္ဒိယ ဂုရုပြော,၇ ဇူလိုင် ၂၀၂၄
အသက်အငယ်ဆုံး ရွေးကောက်ခံ လေဘာအမတ်,၆ ဇူလိုင် ၂၀၂၄
