title,date
ရူပီးနဲ့ ကျပ် တိုက်ရိုက် ပေးချေနိုင်ဖို့ စစ်ကောင်စီ ပြင်ဆင်,၁၈ ဇူလိုင် ၂၀၂၄
‘ကျွန်တော်လက်ထဲ ဘာလက်နက်မှမရှိဘူး’- ပစ်သတ်ခံခဲ့ရတဲ့ ဘင်္ဂလားဒေ့ရှ်ဆန္ဒပြကျောင်းသား,၁၈ ဇူလိုင် ၂၀၂၄
ဂါဇာမှာ အစ္စရေး တိုက်ခိုက်မှုကြောင့် သေဆုံးခဲ့ရသူ ဒေါင်းဝေဒနာရှင်,၁၇ ဇူလိုင် ၂၀၂၄
သံတွဲကို AA ထိန်းချုပ်နိုင်ပြီလား,၁၇ ဇူလိုင် ၂၀၂၄
ဘန်ကောက် ဟိုတယ်ထဲ သေဆုံးသူ ၆ ဦးရဲ့သွေးထဲမှာ ဆိုင်ယာနိုက် တွေ့,၁၇ ဇူလိုင် ၂၀၂၄
မြန်မာပါတီ ၄ ခုကို တရုတ် ကွန်မြူနစ်ပါတီ ဖိတ်ကြား,၁၆ ဇူလိုင် ၂၀၂၄
ရစ်ပတ်ဘလီကန် ပါတီညီလာခံ ဒေါ်နယ်ထရမ့် တက်ရောက်,၁၆ ဇူလိုင် ၂၀၂၄
ထရမ့်ကို “ပစ်မှတ်”လုပ်ဖို့ ပြောမိတဲ့သူ့မှတ်ချက်တွေ မသင့်လျော်ဘူးလို့ ဘိုင်ဒန် ဝန်ခံ,၁၆ ဇူလိုင် ၂၀၂၄
ထရမ့်ကို လုပ်ကြံဖို့ကြိုးစားမှုဖြစ်ခဲ့အပြီး အရေးကြီးပုဂ္ဂိုလ်လုံခြုံရေးအဖွဲ့အပေါ်ရှိလာတဲ့ မေးခွန်း ငါးခု,၁၅ ဇူလိုင် ၂၀၂၄
ဒေါ်နယ် ထရမ့်ကို ပစ်ခတ်ခဲ့တဲ့သေနတ်သမား ဘယ်သူလဲ,၁၅ ဇူလိုင် ၂၀၂၄
ဒေါ်နယ်ထရမ့် သေနတ်ပစ်ခံရမှု - လုပ်ကြံသတ်ဖြတ်ရန် ကြိုးပမ်းမှုလို့ FBI ပြော,၁၄ ဇူလိုင် ၂၀၂၄
ထိုင်းဗီဇာမလိုဘဲ ပြည်တွင်းဝင်ခွင့် နိုင်ငံ ၃၀ ကျော်ကို တိုးပေး,၁၃ ဇူလိုင် ၂၀၂၄
ဂျိုးဘိုင်ဒန် ရွေးကောက်ပွဲ မပြိုင်ဖို့ တောင်းဆိုမှုတွေရှိနေ,၁၂ ဇူလိုင် ၂၀၂၄
စစ်ရေး လျှို့ဝှက်ချက် ကိုင်တွယ်ပုံမှားလို့ ဂျပန် ရေတပ်ဦးစီးချုပ် နုတ်ထွက်,၁၂ ဇူလိုင် ၂၀၂၄
ကမ္ဘာ့အချမ်းသာဆုံးစာရင်းဝင် အိန္ဒိယသူဌေးကြီးရဲ့ သား မင်္ဂလာဆောင် ဘာတွေထူးခြားလဲ,၁၂ ဇူလိုင် ၂၀၂၄
နေတိုး စွပ်စွဲချက် တရုတ်တုံ့ပြန်၊ အမေရိကန် ခရုဇ် ဒုံးကျည်တွေ ဂျာမနီဆီ ပြန်ပို့လို့ ရုရှား စိတ်ဆိုး,၁၁ ဇူလိုင် ၂၀၂၄
အမျိုးသား သတ်သေမှု များတာ အမျိုးသမီးတွေကြောင့်လို့ တောင်ကိုရီးယား နိုင်ငံရေးသမား အပြစ်တင်,၁၀ ဇူလိုင် ၂၀၂၄
နောင်ချိုနဲ့ လားရှိုးက စစ်ရေးအခြေအနေ,၁၀ ဇူလိုင် ၂၀၂၄
မော်စကိုမှာ ပူတင်နဲ့တွေ့ တဲ့ မိုဒီ၊ ရုရှားနဲ့ အမေရိကန်ကြား ဗျာများတဲ့ အိန္ဒိယ,၉ ဇူလိုင် ၂၀၂၄
မန္တလေးနဲ့ နီးကပ်လာတဲ့တိုက်ပွဲတွေ ဘယ်အထိ ကျယ်ပြန့်လာနိုင်ပါသလဲ,၉ ဇူလိုင် ၂၀၂၄
Nato အဖွဲ့ဆိုတာ ဘာလဲ၊ ကာကွယ်ရေးကို ဘယ်လိုတိုးမြှင့်နေလဲ,၉ ဇူလိုင် ၂၀၂၄
ပြင်သစ်ပါလီမန်ရွေးကောက်ပွဲမှာ လက်ယာစွန်းပါတီ အထိနာ,၈ ဇူလိုင် ၂၀၂၄
ဘိုလီဗီးယား - ကမ္ဘာမှာ စစ်အာဏာသိမ်းမှု အများဆုံးဖြစ်ပွားရတဲ့အကြောင်းရင်း   ၃ ချက်,၈ ဇူလိုင် ၂၀၂၄
ဘီလျံနာ သူဌေးတွေရဲ့ ငပလီ သောက,၇ ဇူလိုင် ၂၀၂၄
လူရာကျော် ပိသေဆုံးမှု သူ့မှာတာဝန်မရှိဘူးလို့ အိန္ဒိယ ဂုရုပြော,၇ ဇူလိုင် ၂၀၂၄
အသက်အငယ်ဆုံး ရွေးကောက်ခံ လေဘာအမတ်,၆ ဇူလိုင် ၂၀၂၄
အီရန်မှာ ပြုပြင်ပြောင်းလဲရေးသမား မာဆုပဇာရှကီယန်း ရွေးကောက်ခံသမ္မတဖြစ်လာ,၆ ဇူလိုင် ၂၀၂၄
ဇူလိုင် ၆ ရက် နိုင်ငံတဝန်းသတင်းအနှစ်ချုပ် - ဒုတိယဗိုလ်ချုပ်မှူးကြီးစိုးဝင်း တရုတ်ကို သွားရောက်,၆ ဇူလိုင် ၂၀၂၄
ဗြိတိသျှ ဝန်ကြီးချုပ်သစ် ဆာ ကီယာစတာမာ ဘယ်လိုလူလဲ,၅ ဇူလိုင် ၂၀၂၄
ဗြိတိန်ဝန်ကြီးချုပ်သစ် ကီယာစတားမာ ဆိုတာဘယ်သူလဲ,၅ ဇူလိုင် ၂၀၂၄
ယူကေ ရွေးကောက်ပွဲ မဲရလဒ်တွေ စထွက်လာပြီ,၄ ဇူလိုင် ၂၀၂၄
ပြည်ပနေ တရုတ်တွေ လိမ်လည်မှုတွေနဲ့ ရင်ဆိုင်နေရ,၄ ဇူလိုင် ၂၀၂၄
ပါလီမန်ဒီမိုကရေစီအိပ်မက်နဲ့ မန္တလေးက ပဒေသရာဇ်ပြုပြင်ရေး,၃ ဇူလိုင် ၂၀၂၄
ဂါဇာစစ်ပွဲ- ခန်းယူနစ်ကနေ ပါလက်စတိုင်းတွေ စွန့်ခွာ ထွက်ပြေး,၃ ဇူလိုင် ၂၀၂၄
လက်ျာ(လက်ယာ)စွန်းတွေ ခေါင်းထောင်ထလာတဲ့ဥရောပ - နယ်သာလန်မှာလည်း လက်ယာညွန့်ပေါင်း အစိုးရဖွဲ့ပြီ,၂ ဇူလိုင် ၂၀၂၄
ရှန်ဟိုင်းပူးပေါင်းဆောင်ရွက်ရေးအဖွဲ့ (SCO) ဆိုတာ ဘာလဲ,၂ ဇူလိုင် ၂၀၂၄
ပြင်သစ်ရွေးကောက်ပွဲ လက်ယာစွန်းတွေ ဦးဆောင်,၁ ဇူလိုင် ၂၀၂၄
ဂျိုးဘိုင်ဒင် သမ္မတလောင်းနေရာက ဖယ်မပေးဖို့ ဘိုင်ဒင်မိသားစု အခိုင်အမာ အားပေး ဝန်းရံ,၁ ဇူလိုင် ၂၀၂၄
ပြင်သစ် ရွေးကောက်ပွဲနဲ့ လက်ယာစွန်းရဲ့ သမိုင်းဝင်ဖို့ မျှော်လင့်ချက်,၃၀ ဇွန် ၂၀၂၄
စစ်မှုထမ်း - ထိုင်းမှာ အလုပ်အကိုင်သိန်းချီရှိနေပေမဲ့ မြန်မာလူငယ်တွေ အလုပ်လက်မဲ့ဖြစ်နေတာ ဘာကြောင့်လဲ,၃၀ ဇွန် ၂၀၂၄
အီရန်ရွေးကောက်ပွဲ မဲပေးသူနည်းလို့ ထပ်ပြိုင်ရမယ်,၂၉ ဇွန် ၂၀၂၄
ဇွန် ၂၉ ရက် နိုင်ငံတဝန်းသတင်းအနှစ်ချုပ် - ဗိုလ်ချုပ်မှုးကြီးမင်းအောင်လှိုင် နဲ့ စစ်ဗိုလ်ချုပ်တချို့ကို ဖမ်းဝရမ်းထုတ်ဖို့ အာဂျင်တီးနားဥပဒေအရာရှိ လျှောက်ထား,၂၉ ဇွန် ၂၀၂၄
အားသွင်းဖို့ အချိန် ၅ မိနစ်သာလိုတဲ့ လျှပ်စစ်ကားဘက်ထရီ,၂၉ ဇွန် ၂၀၂၄
သမ္မတဟောင်းရဲ့ တရုတ်ခရီးစဉ် ဘယ်လိုထူးခြားလဲ,၂၈ ဇွန် ၂၀၂၄
စစ်လက်နက် ဝယ်ယူရေး ထိုင်း ဘဏ်တွေကို စစ်ကောင်စီ အသုံးပြု,၂၇ ဇွန် ၂၀၂၄
ဟိမဝန္တာ- မရဏဇုန်က အလောင်းတွေကို ဘယ်လိုပြန်သယ်သလဲ,၂၇ ဇွန် ၂၀၂၄
မြောက်ကိုရီးယားကနယ်စပ် ’တံတိုင်း’ ဆောက်နေတာကို ဂြိုဟ်တုဓာတ်ပုံတွေက ဖော်ပြနေ,၂၅ ဇွန် ၂၀၂၄
အစ္စရေးနဲ့ ဟဇ်ဘိုလာ တင်းမာမှုမြင့်တက်,၂၄ ဇွန် ၂၀၂၄
မဏိပူရ ထောင်ထဲမှာ မြန်မာ ဒုက္ခသည်တွေ အစာငတ်ခံ ဆန္ဒပြနေ,၂၄ ဇွန် ၂၀၂၄
ယူကရိန်းစစ်ကြောင့် ပြောင်းလဲလာတဲ့ကမ္ဘာ့အငှားကိုယ်ဝန်ဆောင်စျေးကွက်,၂၄ ဇွန် ၂၀၂၄
ဒဏ်ရာရ ပါလက်စတိုင်းကို အစ္စရေးစစ်တပ်က ဂျစ်ကားရှေ့ဖုံးပေါ် ကြိုးနဲ့တုပ် တင်ခေါ်,၂၃ ဇွန် ၂၀၂၄
အရှေ့အာရှသားတွေ ဘာကြောင့် ဘာသာပြောင်းလာကြလဲ,၂၃ ဇွန် ၂၀၂၄
ဂါဇာစစ်ပွဲ - ICRC ရဲ့ ဂါဇာရုံးခန်းအနီး လက်နက်ကြီးကျည်တွေကျပြီး လူ ၂၂ ယောက် သေဆုံး,၂၂ ဇွန် ၂၀၂၄
အပူဒဏ်သင့်လူနာတွေကိုကုသပေးနေတဲ့ အိန္ဒိယက ပထမဆုံးအရေးပေါ်ဆေးခန်း,၂၁ ဇွန် ၂၀၂၄
ကိုယ်ဝန်ဖျက်ချမှုကို ထောင်ဒဏ်အနှစ် ၂၀ ချမယ့် ဥပဒေကြမ်းကြောင့် ဘရာဇီးနိုင်ငံတဝန်း ဆန္ဒပြ,၂၀ ဇွန် ၂၀၂၄
စစ်ရေး တင်းမာချိန် တရုတ် အထူးကိုယ်စားလှယ်ရောက်လာ,၁၉ ဇွန် ၂၀၂၄
ရုရှား မြောက်ကိုရီးယား ပူးပေါင်းရေး စာချုပ်ချုပ်ဆို,၁၉ ဇွန် ၂၀၂၄
ယူကရိန်းမှာ တပ်သားသစ် စုဆောင်း,၁၈ ဇွန် ၂၀၂၄
ပြုံယမ်းမှာ ရုရှားသမ္မတပူတင် တည်းခိုမယ့်ဧည့်ဂေဟာ ဘယ်လောက်ခမ်းနားလဲ,၁၈ ဇွန် ၂၀၂၄
လွိုင်ကော်ဒေသခံတွေ ပြန်လာဖို့ စစ်ကောင်စီပြော,၁၇ ဇွန် ၂၀၂၄
ရုရှားသမ္မတပူတင်ရဲ့ မြောက်ကိုရီးယားခရီးစဥ် ဘာသဘောဆောင်လဲ,၁၇ ဇွန် ၂၀၂၄
ရုရှားပိုင်ဆိုင်မှုထဲကနေ ဒေါ်လာသန်းပေါင်း ငါးသောင်း ယူကရိန်းကို ချေးငှားဖို့ G7 သဘောတူ,၁၆ ဇွန် ၂၀၂၄
အိမ်တွင်းအလုပ်သမား - ထိုင်းနိုင်ငံက ကိုယ်ပျောက်လုပ်သား,၁၆ ဇွန် ၂၀၂၄
အိုင်အက်စ်ခေါင်းဆောင်ရဲ့ ကျန်ရစ်သူဇနီး ထုတ်ပြောလာတဲ့ အတူဖြတ်သန်းမှုဘဝအကြောင်း,၁၆ ဇွန် ၂၀၂၄
ဇွန် ၁၅ ရက် နိုင်ငံတဝန်း သတင်းအနှစ်ချုပ် - သံတွဲမှာ တိုက်ပွဲ ဆက်လက်ပြင်းထန်နေ,၁၅ ဇွန် ၂၀၂၄
လားရှိုး ဗဟိုပြု စစ်ရေးတင်းမာမှု ဘယ်အထိရောက်မလဲ,၁၅ ဇွန် ၂၀၂၄
ကန်ပိုက်တီ(ကံပိုင်တည်) - KIA ထိန်းချုပ်လာတဲ့တရုတ်နယ်စပ်ကုန်သွယ်ရေးစခန်းလမ်းပိုင်း,၁၅ ဇွန် ၂၀၂၄
ယူကရိန်းစစ်ပွဲ အပစ်ရပ်ရေး ကန့်သတ်ချက်တွေ သမ္မတပူတင် ချပြ,၁၄ ဇွန် ၂၀၂၄
ဂျာမနီမှာ ယူရို ၂၀၂၄ စတင် ကျင်းပ,၁၄ ဇွန် ၂၀၂၄
လားရှိုးမှာ TNLA နဲ့ စစ်ကောင်စီ စစ်ရေးတင်းမာ,၁၄ ဇွန် ၂၀၂၄
ယူရို ၂၀၂၄ - ဗိုလ်စွဲဖို့ ဘယ်အသင်းတွေ ရေပန်းစားလဲ,၁၄ ဇွန် ၂၀၂၄
ဒူဘိုင်းရဲ့ The World စီမံကိန်းကြီး ဘာဖြစ်သွားပြီလဲ,၁၃ ဇွန် ၂၀၂၄
အခက်အခဲတွေနဲ့ ရင်ဆိုင်နေရတဲ့ ဆူဒန် ပြည်တွင်းစစ်,၁၂ ဇွန် ၂၀၂၄
တစ်တော့သုံးသူတွေ မျက်ရည်ဖြိုင်စေခဲ့တဲ့ထိုင်းရုပ်ရှင်,၁၂ ဇွန် ၂၀၂၄
တရုတ်သံအမတ်နဲ့အဖွဲ့ ရခိုင်ပြည်နယ်က တရုတ်စီမံကိန်းတွေဆီ သွားရောက်ကြည့်ရှု,၁၁ ဇွန် ၂၀၂၄
IS ခေါင်းဆောင်ရဲ့ ကျန်ရစ်သူဇနီးကို ယာဇီဒီမိသားစု တရားစွဲဖို့လုပ်,၁၁ ဇွန် ၂၀၂၄
ဥရောပမှာ နေရာပိုရလာတဲ့ လက်ယာစွန်းတွေ စည်းလုံးကြသလား,၁၁ ဇွန် ၂၀၂၄
တတိယအကြိမ် တာဝန်ထမ်းဆောင်မယ့် ဝန်ကြီးချုပ် မိုဒီ ဘာတွေကြုံရနိုင်လဲ,၁၀ ဇွန် ၂၀၂၄
“ဘာမဆိုဖြစ်နိုင်တယ်” - ဧဝရတ်တောင်ကို အမြန်ဆုံးတက်ခဲ့သူ တစ်ကိုယ်ရည်မိခင်,၁၀ ဇွန် ၂၀၂၄
ဇမ်ဘီယာမှာ အွန်လိုင်းပေါ်ကနေ ငွေလိမ်တဲ့ တရုတ်ဂိုဏ်းကို ထောင်ဒဏ်နှစ်ရှည်ချ,၉ ဇွန် ၂၀၂၄
အမတ်နေရာအများစုကို မိုဒီ ဆုံးရှုံးလိုက်ရတာက အိန္ဒိယအတွက် ဘာဖြစ်လာနိုင်သလဲ,၉ ဇွန် ၂၀၂၄
ဟိမဝန္တာပေါ်က စွန့်ပစ်မှိုက် ၁၁ တန်၊ အလောင်း ၄ လောင်းနဲ့ အရိုးစု ၁ စုံ,၈ ဇွန် ၂၀၂၄
ဒိန်းမတ်ဝန်ကြီးချုပ် မြို့တော်လမ်းမပေါ်မှာ တိုက်ခိုက်ခံရ,၈ ဇွန် ၂၀၂၄
ဇွန် ၈ ရက် နိုင်ငံတဝန်း သတင်းအနှစ်ချုပ် - ရန်ကုန် - သန်လျင် တံတားအသစ် ဖွင့်,၈ ဇွန် ၂၀၂၄
အေအေ ဘာကြောင့် စစ်ရေးအောင်မြင်လဲ,၈ ဇွန် ၂၀၂၄
တရားမဝင်ရောက်နေသူတွေကို ထိုင်းအစိုးရဘယ်လိုအထောက်အထားထုတ်ပေးမလဲ,၈ ဇွန် ၂၀၂၄
အာတိတ်ကို ဖြတ်ပြီး မြောက်ပင်လယ်ရေလမ်းဖွင့်ဖို့ ရုရှား-တရုတ် ကြေညာ,၇ ဇွန် ၂၀၂၄
ထောင်ထဲကနေ အမေရိကန်သမ္မတ ရွေးကောက်ပွဲ ဝင်ပြိုင်လို့ရလား၊ ဘယ်သူတွေ ပြိုင်ဖူးလဲ,၇ ဇွန် ၂၀၂၄
ဒုတိယကမ္ဘာစစ်နဲ့ ယူကရိန်းစစ်ကို ဒီဒေးမိန့်ခွန်းမှာ  ဘိုင်ဒန် ဆက်စပ်ပြ,၆ ဇွန် ၂၀၂၄
ဒီဒေးကမ်းတက်တိုက်ပွဲ- ဥရောပမြေမှာကွယ်လွန်ခဲ့တဲ့ ဒုတိယကမ္ဘာစစ် အမေရိကန်စစ်ပြန်ကြီး,၆ ဇွန် ၂၀၂၄
မဟာမိတ်‌တွေရဲ့ ကျောထောက်နောက်ခံမှုနဲ့ မိုဒီ အိန္ဒိယဝန်ကြီးချုပ်ဆက်ဖြစ်,၆ ဇွန် ၂၀၂၄
ပျောက်ဆုံးနေတဲ့ ခရစ်ပတို‌ဘုရင်မနဲ့ ဘူလ်ဂေးရီးယား မြေအောက်ကမ္ဘာက မှောင်မိုက်တဲ့ကွန်ရက်များ,၆ ဇွန် ၂၀၂၄
VPN ကို စစ်ကောင်စီပိတ်လို့ ရနိုင်လား,၆ ဇွန် ၂၀၂၄
မက္ကဆီကိုရဲ့ ပထမဆုံး အမျိုးသမီးသမ္မတ ကလောက်ဒီယာ ရှိန်းဘောင်း,၅ ဇွန် ၂၀၂၄
ပြည်ပနိုင်ငံတွေကနေ သြစတြေးလျ စစ်သားစုဆောင်းခွင့်ပြု,၄ ဇွန် ၂၀၂၄
ထိုင်းမှာ ကွန်ဒိုဝယ်သူတွေကို စစ်ကောင်စီအရေးယူ,၄ ဇွန် ၂၀၂၄
မြန်မာပြည်မှာ လူမှုကွန်ရက်တွေ ဆက်သုံးနိုင်မလား,၄ ဇွန် ၂၀၂၄
ရွှေစျေးကွက်မတည်ငြိမ်အောင်လုပ်သူဆိုပြီးလုပ်ငန်းရှင်တွေကို စစ်ကောင်စီ အရေးယူမယ်,၃ ဇွန် ၂၀၂၄
ကျောင်းတွေ ဖွင့်နိုင်ရေးအတွက် KIO ပညာရေး ဆောင်ရွက်,၃ ဇွန် ၂၀၂၄
အီဖယ်မျှော်စင်က အခေါင်း ပဟေဠိ ရုရှားကို မသင်္ကာ,၃ ဇွန် ၂၀၂၄
ဇိမ်ခံရေမွှေးထုတ်လုပ်မှုမှာ ကလေးလုပ်သားတွေပါနေတာ ဘီဘီစီတွေ့ရှိ,၃ ဇွန် ၂၀၂၄
ယူကရိန်းစစ် ရှည်ကြာအောင် ရုရှားကို တရုတ်ကူနေတယ်ဆိုပြီး စွပ်စွဲ,၂ ဇွန် ၂၀၂၄
မင်္ဂလာပွဲကိုငြင်းတဲ့သမီးကိုသတ်ပြီး နှစ်နဲ့ချီထွက်ပြေးသူ မိခင်ကို ရဲဖမ်းမိ,၂ ဇွန် ၂၀၂၄
တရုတ်-အမေရိကန် ထိပ်တိုက်တွေ့ကြတဲ့ ရှန်ဂရီလာ လုံခြုံရေး ညီလာခံ,၁ ဇွန် ၂၀၂၄
ဇွန် ၁ ရက် နိုင်ငံတဝန်း သတင်းအနှစ်ချုပ် - သူရဦးတင်ဦး ကွယ်လွန်,၁ ဇွန် ၂၀၂၄
အမေရိကန်လက်နက်တွေကို သုံးပြီး ရုရှားပိုက်နက်ထဲက နေရာတချို့မှာ ယူကရိန်း တိုက်ခိုက်ခွင့်ရလာ,၃၁ မေ ၂၀၂၄
VPN သုံးဖို့ မြန်မာနိုင်ငံမှာ အခက်တွေ့နေကြ,၃၁ မေ ၂၀၂၄
ဆေးလိပ် - ဘယ်နိုင်ငံတွေမှာဆေးလိပ်သောက်တာကိုတားမြစ်ထားလဲ။ဘယ်လောက်အလုပ်ဖြစ်လဲ,၃၁ မေ ၂၀၂၄
ဂါဇာထဲက ဆေးကုသခွင့် စောင့်နေတဲ့ ကလေး,၃၀ မေ ၂၀၂၄
နျူကလီးယား စက်ရုံ တည်ဆောက်ရေး ရုရှားအတည်ပြု,၃၀ မေ ၂၀၂၄
ဟောင်ကောင်တရားရုံးက ဒီမိုကရေစီလှုပ်ရှားသူ ၁၄ ယောက်ကို နိုင်ငံတော် ဖျက်ဆီးမှုနဲ့ အပြစ်ရှိကြောင်း ဆုံးဖြတ်,၃၀ မေ ၂၀၂၄
ဟောင်ကောင်တရားရုံးတစ်ရုံးက အဆုံးအဖြတ်ပေးမယ့်တက်ကြွလှုပ်ရှားသူ ၄၇ ဦးရဲ့ကံကြမ္မာ,၃၀ မေ ၂၀၂၄
အမှိုက်ထုပ်တွေကို မိုးပျံပူဖောင်းတွေမှာ ချိတ်ပြီး တောင်ကိုရီးယားထဲကို ပြုံယမ်းဘက်ကပို့,၃၀ မေ ၂၀၂၄
ရခိုင်ပြည်နယ်က ဘက်စုံသုံး စီမံကိန်းတွေရဲ့ အလားအလာ,၂၉ မေ ၂၀၂၄
တီးတိန်ကို ချင်းညီနောင် အဖွဲ့တွေ စစ်ဆင်,၂၉ မေ ၂၀၂၄
ယူကေက ကမ္ဘာ့အကြီးဆုံး ရေနေတွားသွား သတ္တဝါရဲ့ ရုပ်ကြွင်း,၂၈ မေ ၂၀၂၄
ဂါဇာစစ်ပွဲ - ICJ နဲ့ နိုင်ငံတကာရဲ့ တားမြစ် ကန့်ကွက်မှုတွေရှိပေမဲ့ ရာဖာမြို့ထဲထိ အစ္စရေးတပ်တွေဝင်လာ,၂၈ မေ ၂၀၂၄
ပါလက်စတိုင်းကို နိုင်ငံတစ်ခုအဖြစ် နိုင်ငံတချို့က ဘာလို့ အသိအမှတ်မပြုတာလဲ,၂၈ မေ ၂၀၂၄
ရခိုင်က စစ်ရှောင်စခန်းတွေမှာ စားနပ်ရိက္ခာ အခက်အခဲကြုံ,၂၇ မေ ၂၀၂၄
စစ်တပ်အာဏာသိမ်းပြီး နောက်ပိုင်း ကုန်ဈေးနှုန်း ၃ ဆတက်,၂၇ မေ ၂၀၂၄
ပါပူဝါ နယူးဂီနီ မြေပြိုမှု ၁၃ ဦးသေဆုံး,၂၇ မေ ၂၀၂၄
အိန္ဒိယလှူတဲ့နှလုံးသားနဲ့အသက်ရှင်သန်ခွင့်ရသူ ပါကစ္စတန်အမျိုးသမီးငယ်,၂၇ မေ ၂၀၂၄
နှစ်သုံးရာက ကိုလံဘီယာ ရတနာသင်္ဘောပျက် ရှာဖွေမှု စတင်,၂၆ မေ ၂၀၂၄
သီလရှင်မရှိတဲ့ မြောက်ကိုရီးယားက ဗုဒ္ဓသာသနာ,၂၆ မေ ၂၀၂၄
အစ္စရေး လှုပ်ရှားသူတွေ ဂါဇာ အကူအညီ ကားတန်းအတွက် စစ်ခင်း,၂၅ မေ ၂၀၂၄
မေ ၂၅ ရက် နိုင်ငံတဝန်း သတင်းအနှစ်ချုပ် - စစ်ကိုင်းမှာ အခွန်ရုံး ဝန်ထမ်းအပါအဝင် ၃ ဦး ပစ်သတ်ခံရ,၂၅ မေ ၂၀၂၄
ကရင်းမ် ခန်း - နေတန်ရာဟုနဲ့ ပူတင်ကို ဖမ်းချင်တဲ့ အိုင်စီစီ ရှေ့နေ,၂၄ မေ ၂၀၂၄
အမေရိကန် အာဆီယံ ဆွေးနွေးပွဲ ကန့်ကွက်မှုရှိနေ,၂၄ မေ ၂၀၂၄
ဗိုလ်မှူးကြီးစောချစ်သူနဲ့ ကျားဖြန့်စီးပွားရေးတွေဆက်စပ်တယ်ဆိုပြီး ထပ်မံဖော်ထုတ်ခံရ,၂၄ မေ ၂၀၂၄
မြန်မာပြည်က မသိတဲ့ အမေရိကန်က မြန်မာဘိက္ခုနီ,၂၂ မေ ၂၀၂၄
သံတွဲမြို့ ဝန်းကျင် စစ်ကောင်စီနဲ့ AA တိုက်ပွဲတွေ ဖြစ်ပွား,၂၂ မေ ၂၀၂၄
မြစ်ဆုံ စီမံကိန်း ပြန်စတော့မလား,၂၂ မေ ၂၀၂၄
ခရီးသွားလုပ်ငန်း တိုးတက်ဖို့ တရုတ်ကြိုးစား,၂၂ မေ ၂၀၂၄
ဝေဟင်မှာ လေယာဉ်တွေ ကြုံရတတ်တဲ့ လေထုမငြိမ်သက်မှု ဘာ့ကြောင့် ဖြစ်ရတာလဲ,၂၂ မေ ၂၀၂၄
‘‘ကျွန်တော့်သားဆို နောက်ခုံ ၂ တန်းအထိ လွင့်သွားတယ်’’ - စင်္ကာပူလေကြောင်းလိုင်းခရီးသည်,၂၂ မေ ၂၀၂၄
ကမ္ဘာအနှံ့ပျံ့တဲ့ အိန္ဒိယဟင်းခတ်အမွှေးအကြိုင်နဲ့ပတ်သက်ပြီး လူတွေရဲ့စိုးရိမ်ချက်က  ဘာလဲ,၂၂ မေ ၂၀၂၄
တမီလ်နာဒူးမှာ AI ဉာဏ်ရည်တုကို သုံးပြီး ဆင်တွေ ရထားတိုက်မယ့် အရေးကနေ ကာကွယ်ပေး,၂၁ မေ ၂၀၂၄
ထိုင်းမှာ မြန်မာလုပ်သားတွေရဲ့ ဘဏ်အကောင့်တွေ အလွဲသုံးစား အသုံးပြုခံနေရ,၂၁ မေ ၂၀၂၄
အီရန်သမ္မတ သေဆုံးမှု - နိုင်ငံကို အဓိကအုပ်ချုပ်နေတာ ဘယ်သူလဲ,၂၀ မေ ၂၀၂၄
ရခိုင်ပြည်နယ် တောင်ပိုင်းဒေသ တချို့မြို့တွေမှာ  တိုက်ပွဲ ပြင်းထန်,၂၀ မေ ၂၀၂၄
အီရန်သမ္မတ ရဟတ်ယာဉ်ပျက်ကျပြီး သေဆုံး,၂၀ မေ ၂၀၂၄
ရဟတ်ယာဥ်ပျက်ကျမှုအတွင်း သမ္မတနဲ့ နိုင်ငံခြားရေးဝန်ကြီး သေဆုံးခဲ့တဲ့အီရန်မှာ ဘာဆက်ဖြစ်မှာလဲ,၂၀ မေ ၂၀၂၄
လပေါ်  လမ်းလျှောက်နိုင်မယ့်သူ နောက်တစ်ဦးက ဘယ်သူဖြစ်မလဲ,၁၉ မေ ၂၀၂၄
တရုတ်သူလျှိုလို့ စွပ်စွဲခံရတဲ့ ဖိလစ်ပိုင် မြို့ဝန်မလေး,၁၈ မေ ၂၀၂၄
မေ ၁၈ ရက် နိုင်ငံတဝန်း သတင်းအနှစ်ချုပ် - ဘူးသီးတောင်မြို့က စစ်တပ်စခန်းအားလုံး သိမ်းလိုက်ပြီလို့ အေအေ ပြောခွင့်ရအတည်ပြု,၁၈ မေ ၂၀၂၄
ဒုဗိုလ်မှူးကြီးကျော်ဇောရဲ - စစ်ခေါင်းဆောင် နဲ့ ရုရှားကြားက အချိတ်အဆက်,၁၈ မေ ၂၀၂၄
ဂျော်ဂျီယာဟာ ယူကရိန်းလို ဖြစ်လာမလား,၁၇ မေ ၂၀၂၄
အိန္ဒိယက မြန်မာကို လက်နက်မရောင်းဖို့ JFM တောင်းဆို,၁၇ မေ ၂၀၂၄
ပြင်သစ်မှာ ဂျူးဘုရားကျောင်း မီးရှို့သူကို ရဲက အသေပစ်ခတ် ဖမ်းဆီး,၁၇ မေ ၂၀၂၄
NUG၊ မဟာမိတ် K3C နဲ့ ဂျပန် တာဝန်ရှိသူတွေ တွေ့ဆုံဆွေးနွေး,၁၆ မေ ၂၀၂၄
မကွေး၊ စစ်ကိုင်းနဲ့ ရခိုင်မှာ လေကြောင်းတိုက်ခိုက်မှုတွေ ဆက်တိုက်ခံနေရ,၁၅ မေ ၂၀၂၄
ဒေါ်အောင်ဆန်းစုကြည်ကို နောက်တနေရာ ထပ်ပြောင်းရွှေ့,၁၅ မေ ၂၀၂၄
စင်္ကာပူဝန်ကြီးချုပ် လီရှန်လွန်း ရာထူးကနားပြီး လီခေတ်အဆုံးသတ်ပြီ,၁၅ မေ ၂၀၂၄
တာလီဘန်ကို အသံနဲ့ အန်တုသူတွေ,၁၄ မေ ၂၀၂၄
တောင်အာဖရိက - ခရာတွေ၊ ကြာပွတ်တွေနဲ့ သေနတ်တွေသုံးပြီး ညကင်းစောင့်သူတွေ,၁၄ မေ ၂၀၂၄
အမေရိကန် မြို့ကြီးတွေပေါ်က မူးယစ်ဆေး၀ါးပြဿနာ,၁၃ မေ ၂၀၂၄
ကချင်ပြည်နယ်မှာ KIA  ထိုးစစ်ကျယ်ပြန့်လာ,၁၃ မေ ၂၀၂၄
စစ်ပွဲဦးဆောင်ခဲ့တဲ့ ကာကွယ်ရေးဝန်ကြီးကို ရုရှားသမ္မတပူတင် ရာထူးကနေ ဖယ်ရှား,၁၃ မေ ၂၀၂၄
အမျိုးသမီးတွေအပေါ် အကြမ်းဖက်မှု ကျောင်းတွေကနေ တိုက်ဖျက်ဖို့ သြစတြေးလျ စတင်,၁၂ မေ ၂၀၂၄
မေလ ၁၂ ရက် နိုင်ငံတဝန်းသတင်းများအနှစ်ချုပ် - ဘုရားသုံးဆူမြို့က ပစ်ခတ်ပေါက်ကွဲမှု ကရင် BGF ဘာပြောလဲ,၁၂ မေ ၂၀၂၄
မေ ၁၁ ရက် နိုင်ငံတဝန်း သတင်းအနှစ်ချုပ်  - ကန့်ဘလူ၊ မလယ်ရွာတိုက်ပွဲ စစ်တပ်ဘက်က ၆ ဦး နဲ့ PDF ၁၀ ဦးသေဆုံး,၁၁ မေ ၂၀၂၄
'ဂျီနိုဆိုက် ဂျိုး' - အမေရိကန်ကောလိပ်တွေရဲ့ ဂါဇာဆန္ဒပြပွဲတွေက ဘိုင်ဒန် ထပ်မရွေးခံရအောင် ခြိမ်းခြောက်နိုင်သလား,၁၁ မေ ၂၀၂၄
ထိုင်းဝန်ကြီးချုပ်ဟောင်းသက်ဆင် မြန်မာ့အရေး ဘာကြောင့် စိတ်ဝင်စားသလဲ,၁၁ မေ ၂၀၂၄
ကိုယ်ရံတော်တပ်မှူးကို သမ္မတ ဇလန်းစကီး ရာထူးက ဖယ်ရှား,၁၀ မေ ၂၀၂၄
ရွှေကုက္ကို ကို ထိုင်းက အင်တာနက်ဖြတ်,၁၀ မေ ၂၀၂၄
အိန္ဒိယနိုင်ငံရေးမှာ ဟိန္ဒူအမျိုးသားရေးဝါဒက ဘယ်လို လွှမ်းမိုးလာလဲ,၁၀ မေ ၂၀၂၄
အီကို-စီးတီးမြို့သစ်အတွက် 'လူသတ်ခွင့်ပေးထားတဲ့' ဆော်ဒီတပ်ဖွဲ့,၁၀ မေ ၂၀၂၄
ရုရှားအပေါ်  ဒဏ်ခတ်ပိတ်ဆို့မှုတွေက ဘာတွေလဲ၊ ဘယ်လောက်အလုပ်ဖြစ်လဲ,၁၀ မေ ၂၀၂၄
အလုပ်အတွက် ၂၄ နာရီ ဖုန်းဖွင့်ထားဖို့ ပြောတဲ့ Baidu အရာရှိကြီး ပြန်တောင်းပန်နေရ,၉ မေ ၂၀၂၄
ယူကရိန်းတွေကို သတ်နေတဲ့မြောက်ကိုရီးယားလက်နက်တွေနဲ့ ပိုကြီးမားတဲ့ရိုက်ခတ်မှုတွေ,၉ မေ ၂၀၂၄
ဟောင်ကောင်ဆန္ဒပြသီချင်း ပိတ်ပင်ဖို့ အစိုးရကို တရားရုံး အနိုင်ပေး,၈ မေ ၂၀၂၄
ဗိုလ်မှူးကြီးစောချစ်သူရဲ့ ရွှေကုက္ကိုမြို့သစ်ထဲမှာ ကျားဖြန့်လုပ်ငန်းတွေ ဆက်ရှိနေလား,၈ မေ ၂၀၂၄
ယူကရိန်းမှာ ရခဲ့တဲ့ အနောက်တိုင်းလက်နက်တွေ ရုရှားပြသ,၇ မေ ၂၀၂၄
ဟားမတ်စ်က အပစ်ရပ်ဖို့ သဘောတူလိုက်ချိန်မှာ အစ္စရေးက ရာဖာနယ်စပ်ဂိတ်မှာ စစ်ဆင်ရေးဆင်နွှဲ,၇ မေ ၂၀၂၄
ရုရှားက ဇယ်လန်းစကီးကို သတ်မယ့်အကြံကို တားဆီးခဲ့တယ်ဆို,၇ မေ ၂၀၂၄
ထိုင်းမှာ ရိုက်နှက်စွန့်ပစ်ခံရတဲ့မြန်မာ MOU  လုပ်သား,၇ မေ ၂၀၂၄
မြန်မာ ၁၇ ဦးကို လာအိုဖမ်းဆီးပြီး မြန်မာဘက်ကိုလွှဲ,၆ မေ ၂၀၂၄
ရာဖာက စစ်ဘေးရှောင်တွေ ဖယ်ဖို့ အစ္စရေးပြော,၆ မေ ၂၀၂၄
ကျောက်တော်မြို့နယ်က အလယ်ကျွန်းရွာကို စစ်ကောင်စီ ဗုံးကြဲ,၆ မေ ၂၀၂၄
စစ်ဆင်ရေးအတွက် ရာဖာအရှေ့ပိုင်းက လူ ၁ သိန်း ထွက်ခွာဖို့ အစ္စရေးစစ်တပ် ပြော,၆ မေ ၂၀၂၄
အယ်လ်ဂျာဇီရာ သတင်းထုတ်လွှင့်မှု အစ္စရေးအစိုးရ ပိတ်သိမ်း,၅ မေ ၂၀၂၄
အစိမ်းရောင်နည်းပညာမှာသုံးတဲ့ အဓိကသတ္တုတွေကို တရုတ်က ကမ္ဘာတဝန်းမှာ လိုက်တူးဖော်နေတာကြောင့် တင်းမာမှုတွေ မြင့်တက်လာနေ,၅ မေ ၂၀၂၄
ဗီဒီယို ပြင်ဆင်တည်းဖြတ်ခဲ့မှုနဲ့ အိန္ဒိယအတိုက်အခံပါတီ ထိပ်တန်းခေါင်းဆောင်တစ်ဦး ဖမ်းဆီးခံရ,၄ မေ ၂၀၂၄
မေ ၄ ရက် နိုင်ငံတဝန်း သတင်းအနှစ်ချုပ် - နျူကလီးယားစွမ်းအင် အကောင်အထည်ဖော်ဖို့ စစ်ခေါင်းဆောင်ကိုယ်တိုင် ဦးဆောင်မယ်,၄ မေ ၂၀၂၄
အနောက်ဘက်ကမ်း လူငယ်သတ်ဖြတ်မှုက စစ်ရာဇဝတ်မှုမြောက်နိုင်ကြောင်း အစ္စရေး စွပ်စွဲခံရ,၃ မေ ၂၀၂၄
‘နေရတာ ကျောမလုံဘူး’  - နိုင်ငံပြင်ပ စိန်ခေါ်မှုတွေကြားက ဘီဘီစီသတင်းထောက်များ,၃ မေ ၂၀၂၄
တောင်ကိုရီးယားသံရုံးတချို့ အကြမ်းဖက် ခြိမ်းခြောက်မှု တပ်လှန့်,၃ မေ ၂၀၂၄
အမေရိကန်တက္ကသိုလ်တွေမှာ ပါလက်စတိုင်းအရေး ဆန္ဒပြနေကြတဲ့ ကျောင်းသားတွေရဲ့ လိုလားချက်,၂ မေ ၂၀၂၄
လျှပ်စစ်မီးပြတ်တောက်မှုတွေ ပိုဆိုးလာတာ ဘာကြောင့်လဲ,၂ မေ ၂၀၂၄
မြန်မာအမျိုးသားတွေ ပြည်ပအလုပ်လုပ်ခွင့် ယာယီ ရပ်ဆိုင်း,၂ မေ ၂၀၂၄
ရုရှားလက်က လွတ်ဖို့ မိုင်ချီခြေလျင်ပြေးခဲ့ရတဲ့ အသက် ၉၈ နှစ်အရွယ် ယူကရိန်းအမယ်အို,၂ မေ ၂၀၂၄
အရန်တပ်ဖွဲ့ဝင်ဥပဒေအရ စစ်မှုထမ်းဆင့်ခေါ်မှုတွေ စတင်,၁ မေ ၂၀၂၄
အပူချိန်တိုး၊ မီးမလာခြင်းနဲ့ လူထု ကျန်းမာရေး,၁ မေ ၂၀၂၄
မိုးရေနဲ့ ရေဆိုး ဘယ်လို ခွဲခြားမလဲ,၁ မေ ၂၀၂၄
ယူကရိန်းစစ်မှာ သိမ်းမိတဲ့ စစ်ပစ္စည်းတွေ ရုရှားထုတ်ပြ,၁ မေ ၂၀၂၄
အီရန်ဆယ်ကျော်သက် မိန်းကလေးကို လုံခြုံရေးတပ်ဖွဲ့က သတ်ခဲ့ကြောင်း အမှုတွဲမှတ်တမ်းက ဖော်ပြနေ,၁ မေ ၂၀၂၄
May Day - မေလ ၁ ရက်ကို အပြည်ပြည်ဆိုင်ရာအလုပ်သမားနေ့ အဖြစ် ဘာလို့သတ်မှတ်,၁ မေ ၂၀၂၄
အစ္စရေးကို  ဂျာမနီ လက်နက်ရောင်းတာ အိုင်စီဂျေ မပိတ်ပင်,၃၀ ဧပြီ ၂၀၂၄
အယ်နီညို ဆိုတာဘာလဲ၊ ရာသီဥတုကို ဘယ်လိုပြောင်းလဲစေလဲ,၃၀ ဧပြီ ၂၀၂၄
အစ္စရေး အပစ်ရပ် ကမ်းလှမ်းမှု ဟားမတ်စ် လက်ခံမယ်လို့ ကန်မျှော်လင့်,၂၉ ဧပြီ ၂၀၂၄
ဂါဇာထဲက ဘီဘီစီ သတင်းထောက်ရဲ့ နေ့စဉ် ဘဝ,၂၉ ဧပြီ ၂၀၂၄
ကင်ဆာကုသမှုခံယူခဲ့တဲ့ ချားလ်စ်ဘုရင် တော်ဝင်တာဝန်တွေ ပြန်လည်ထမ်းဆောင်မယ်,၂၉ ဧပြီ ၂၀၂၄
မြန်မာနဲ့နယ်စပ် အိန္ဒိယက မဏိပူ ပြည်နယ်မှာ ရဲတွေ တိုက်ခိုက်ခံရလို့ ၂ ယောက်သေဆုံး,၂၈ ဧပြီ ၂၀၂၄
ယူကရိန်းကို Patriot ဒုံးကျည်တွေ ပင်တဂွန် အမြန်ဆုံးပို့မယ်,၂၇ ဧပြီ ၂၀၂၄
ဧပြီ ၂၇ ရက် နိုင်ငံတဝန်းသတင်းအနှစ်ချုပ် - မဲဆောက် - မြဝတီ အမှတ် (၁) တံတား ပြန်ဖွင့်,၂၇ ဧပြီ ၂၀၂၄
တရုတ်နဲ့ အမေရိကန် ပြိုင်ဘက်ထက် မိတ်ဖက်ဖြစ်ဖို့လိုတယ်လို့ သမ္မတ ရှီကျင်းပင်ပြော,၂၆ ဧပြီ ၂၀၂၄
ကိုးကန့်က သေဒဏ်စီရင်မှု ဘယ်လို အဓိပ္ပါယ်ဆောင်သလဲ,၂၆ ဧပြီ ၂၀၂၄
ဂါဇာဆေးရုံမှာ အစုလိုက် အပြုံလိုက် မြှုပ်နှံထားတဲ့ အလောင်းတွေတွေ့ရှိ,၂၅ ဧပြီ ၂၀၂၄
လောက်ကိုင်မှာ အများပြည်သူရှေ့ တရားစီရင်,၂၅ ဧပြီ ၂၀၂၄
ထိုင်း - မြန်မာနယ်စပ်က မောထစခန်းကို KNU နဲ့ ပူးပေါင်းတပ်တွေ ရရှိ,၂၅ ဧပြီ ၂၀၂၄
အမေရိကန်နာမည်ကျော် တက္ကသိုလ်တွေမှာ ပါလက်စတိုင်းကို ထောက်ခံကြောင်း ဆန္ဒပြပွဲတွေ အကြီးအကျယ် ပေါ်ပေါက်နေ,၂၅ ဧပြီ ၂၀၂၄
ယူကရိန်းမှာ ဘယ်လက်နက်ပြတ်လပ်နေပြီး ဘယ်လိုအကူအညီရနေလဲ,၂၅ ဧပြီ ၂၀၂၄
ခလရ ၂၇၅ စခန်းကို စစ်ကောင်စီပြန်ရပြီး နယ်မြေရှင်းလင်းနေတယ်လို့ဆို,၂၄ ဧပြီ ၂၀၂၄
တောင်ကိုရီယားက မောင်းသူမဲ့ ဘတ်စကား,၂၄ ဧပြီ ၂၀၂၄
ရိုဟင်ဂျာရွာတွေမှာ စစ်ကောင်စီ စစ်သားစုဆောင်း,၂၄ ဧပြီ ၂၀၂၄
ယူကရိန်း၊ အစ္စရေးနဲ့ ထိုင်ဝမ်ကို စစ်ရေး အစုလိုက်အပုံလိုက် ထောက်ပံ့တဲ့ ဥပဒေကို အမေရိကန် လွှတ်တော် နှစ်ရပ်လုံး အတည်ပြု,၂၄ ဧပြီ ၂၀၂၄
ခလရ  ၂၇၅ ကို စစ်ကောင်စီဘယ်လိုပြန်ရသွားလဲ,၂၄ ဧပြီ ၂၀၂၄
မဲဆောက် - ထွက်ပြေးမြန်မာတွေ၊ တော်လှန်သူတွေ၊ စိုးထိတ်မှုတွေနဲ့ပြည့်နေတဲ့မြို့,၂၄ ဧပြီ ၂၀၂၄
ဆူဒန်ဟာ ရုရှားရဲ့ ဗာဂနာတပ်ဖွဲ့နဲ့ ယူကရိန်း‌တပ်တွေရဲ့ စစ်မြေပြင်ဖြစ်လာသလား,၂၄ ဧပြီ ၂၀၂၄
“ကျွန်မတို့သားအတွက် အမှတ်တရအဖြစ် ကလေးကစားကွင်း တခုလုပ် လိုက်ပါတယ်” ကျဆုံး ယူကရိန်းစစ်သားအတွက်ပေးတဲ့ နစ်နာကြေးကို မိသားစုက ဘယ်လိုအသုံးပြုလဲ,၂၃ ဧပြီ ၂၀၂၄
ချင်းနဲ့ အိန္ဒိယ အကြား တံတားကို အိန္ဒိယက ပိတ်မယ်လို့ သတင်းထွက်,၂၃ ဧပြီ ၂၀၂၄
စီးပွားရေး ပြန်ဦးမော့ဖို့ တရုတ် ကြိုးစား,၂၃ ဧပြီ ၂၀၂၄
ကျောက်ဖြူမြို့နယ်အတွင်း စစ်ကောင်စီ လက်နက်ကြီးနဲ့ပစ်,၂၃ ဧပြီ ၂၀၂၄
ခိုလှုံခွင့်တောင်းသူတွေကို ရဝမ်ဒါထဲ ရွှေ့မယ့် အစီအမံ ဗြိတိန်ပါလီမန် ခွင့်ပြုပြီ,၂၃ ဧပြီ ၂၀၂၄
တောင်တရုတ်ပင်လယ်ပြင်က ဖိလစ်ပိုင်နဲ့အမေရိကန်စစ်တပ်တို့ရဲ့ ပူးပေါင်းစစ်ရေးလေ့ကျင့်မှုကြီး,၂၂ ဧပြီ ၂၀၂၄
လာအိုမှာ မြန်မာထောင်နဲ့ချီဖမ်းဆီးခံရတာဘာကြောင့်လဲ,၂၂ ဧပြီ ၂၀၂၄
အမေရိကန် ပိတ်ပင်မှုက လွတ်လပ်စွာ ပြောဆိုခွင့်ကို နင်းခြေမယ်၊ တစ်တော့ သတိပေး,၂၁ ဧပြီ ၂၀၂၄
ထောင်နဲ့ချီတဲ့ မြဝတီစစ်ရှောင်တွေ ဘာတွေကို ရင်ဆိုင်ဖြတ်ကျော်နေရလဲ,၂၁ ဧပြီ ၂၀၂၄
ဧပြီ ၂၀ ရက် နိုင်ငံတဝန်း ထူးခြားသတင်းများ အနှစ်ချုပ်,၂၀ ဧပြီ ၂၀၂၄
“အခြေအမြစ်မရှိတဲ့” သုံးသပ်မှတ်ချက်တွေနဲ့ ပတ်သက်ပြီး ဂျပန်ဆရာဝန်တွေက Google ကို တရားစွဲ,၁၉ ဧပြီ ၂၀၂၄
စစ်ကောင်စီ ဒု ဥက္ကဋ္ဌ ဘယ်ရောက်,၁၉ ဧပြီ ၂၀၂၄
မြစ်ကြီးနားထောင် ဆန္ဒပြပွဲ ပစ်ခတ်နှိမ်နင်းခံရ,၁၉ ဧပြီ ၂၀၂၄
အီရန်မှာ အမျိုးသမီးတွေအပေါ် ပိုတင်းကျပ်လာ,၁၉ ဧပြီ ၂၀၂၄
တစ်တော့ပေါ် ပစ်မှတ်ထားခံရမှု - ရှင်သန်ချင်စိတ်ပျောက်တဲ့အထိဖြစ်ရတဲ့ဘင်္ဂလားဒေ့ရှ်အမျိုးသမီးတွေ,၁၉ ဧပြီ ၂၀၂၄
အစ္စရေးကို အီရန် တိုက်ခိုက်မှု - ဘယ်သူနိုင်ပြီး ဘယ်သူရှုံးလဲ,၁၈ ဧပြီ ၂၀၂၄
ဂျပန်ကိုလာတဲ့ နိုင်ငံခြားခရီးသည် မတ်လအတွင်း  ၃ သန်းကျော်ရှိ,၁၇ ဧပြီ ၂၀၂၄
စစ်တပ်ထဲမဝင်ချင်တဲ့ ထောင်နဲ့ချီတဲ့လူငယ်တွေ ထိုင်းကို တိမ်းရှောင်,၁၇ ဧပြီ ၂၀၂၄
၂၀၂၄ အိန္ဒိယရွေးကောက်ပွဲ-ကမ္ဘာ့အကြီးဆုံး‌ ရွေးကောက်ပွဲရဲ့ သိသင့်တဲ့ထူးခြားချက်တွေ,၁၇ ဧပြီ ၂၀၂၄
ပက်ဒ်နဲ့တူနေတဲ့ အဆောက်အဦက တရုတ်အွန်လိုင်းမှာ နောက်စရာဖြစ်နေ,၁၆ ဧပြီ ၂၀၂၄
အီရန်ကို လက်တုံ့ပြန်ဖို့ အစ္စရေး ဆွေးနွေး,၁၆ ဧပြီ ၂၀၂၄
အိန္ဒိယဟာ ကမ္ဘာ့အင်အားကြီးနိုင်ငံသစ်ဖြစ်လာနိုင်မလား,၁၆ ဧပြီ ၂၀၂၄
အီရန်ကို တုံ့ပြန်တိုက်ခိုက်ရေး စဉ်းစဉ်းစားစားလုပ်ဖို့ အစ္စရေးကို ကုလ တိုက်တွန်း,၁၅ ဧပြီ ၂၀၂၄
အီရန်နဲ့ အစ္စရေး စစ်ကြီးမဖြစ်အောင် အမေရိကန်နဲ့ မဟာမိတ်တွေ ဟန့်တားနိုင်မှာလား,၁၅ ဧပြီ ၂၀၂၄
အာဏာခိုင်မာအောင် မထိန်းချုပ်နိုင်သူအဖြစ် နေပြည်တော်စစ်ခေါင်းဆောင်ရဲ့ အနာဂတ်အပေါ် တရုတ်သုံးသပ်နေပြီလား,၁၅ ဧပြီ ၂၀၂၄
အစ္စရေးကို တိုက်ခိုက်မှုအပြီး အီရန်နိုင်ငံထဲ ဘယ်လိုအခြေအနေရှိနေလဲ,၁၅ ဧပြီ ၂၀၂၄
စစ်အာဏာသိမ်း ၄ နှစ်မြောက်မှာကျရောက်တဲ့သင်္ကြန် ပြန်လည်စည်ကားလာသလား,၁၄ ဧပြီ ၂၀၂၄
အီရန်က ပစ်လာတဲ့ ဒရုန်းနဲ့ ဒုံးကျည်ရာချီကို ပစ်ချလိုက်တယ်လို့ အစ္စရေးပြော,၁၄ ဧပြီ ၂၀၂၄
ကိုယ်ဝန်ဖျက်ချမှု ပိတ်ပင်တဲ့ ဒေါ်နယ်ထရမ့်ကို ကမလာဟဲရစ်က မဲဆွယ်ပွဲမှာ အပြစ်တင်,၁၃ ဧပြီ ၂၀၂၄
ဆစ်ဒနီကုန်တိုက်ထဲ ဓားနဲ့တိုက်ခိုက်ခံရလို့ အနည်းဆုံး လူ ၆ ဦး သေဆုံး,၁၃ ဧပြီ ၂၀၂၄
ဧပြီ ၁၃ ရက် နိုင်ငံတဝန်း ထူးခြားသတင်းများ အနှစ်ချုပ်,၁၃ ဧပြီ ၂၀၂၄
မြဝတီကထွက်ပြေးတဲ့ မြန်မာစစ်သားတွေကို ထိုင်းဘက်က ဝင်ခွင့်ပြုမှာလား,၁၃ ဧပြီ ၂၀၂၄
အစ္စရေးကို အီရန် တိုက်မှာကို စိုးရိမ်နေချိန် နေတန်ညာဟုနဲ့ ထိပ်တန်း အရာရှိတွေ တွေ့,၁၂ ဧပြီ ၂၀၂၄
စစ်ကောင်စီ တပ်ဖွဲ့ဝင်တွေ မြဝတီ တံတား ၂ မှာ ဆက်ရှိနေ,၁၂ ဧပြီ ၂၀၂၄
ကရင်လက်နက်ကိုင်အဖွဲ့စုံနေတဲ့ မြဝတီရဲ့ အုပ်ချုပ်ရေးယန္တရားဘယ်လိုလည်ပတ်မလဲ,၁၁ ဧပြီ ၂၀၂၄
ကျူးမင်းလန် - ဗီယက်နမ်သန်းကြွယ်သူဌေးမကြီး ဒေါ်လာ ၄၄ ဘီလျံလိမ်လည်မှုနဲ့သေဒဏ်ချမှတ်ခံရ,၁၁ ဧပြီ ၂၀၂၄
ဇမ်ဘီယာမှာ တရုတ် အွန်လိုင်းငွေလိမ်ဂိုဏ်းကြီးကို ဖမ်းမိခဲ့,၁၀ ဧပြီ ၂၀၂၄
ပန်းချီနဲ့ မှတ်တမ်းတင်ခံရတဲ့ အဘွား,၁၀ ဧပြီ ၂၀၂၄
အစ္စရေးက ဘယ်ကနေ လက်နက်တွေ ရလဲ,၉ ဧပြီ ၂၀၂၄
စစ်မှုထမ်း အပတ်စဉ် (၁) သင်တန်းစတင်,၉ ဧပြီ ၂၀၂၄
ဂါဇာအပစ်ရပ်ရေး ဆွေးနွေးဆဲ,၉ ဧပြီ ၂၀၂၄
ရဝမ်ဒါ လူမျိုးတုံး သတ်ဖြတ်မှု နှစ် ၃၀ ပြည့် - ကျွန်မရဲ့အိမ်အပြန်ခရီး,၉ ဧပြီ ၂၀၂၄
ကန်ဂနား ရာနာဝက်၊ အိန္ဒိယရုပ်ရှင်မင်းသမီးနဲ့ ဘီဂျေပီ ကိုယ်စားလှယ်လောင်းက အမဲသား မစားဘူးလို့ ငြင်းဆို,၈ ဧပြီ ၂၀၂၄
မြဝတီမြို့ ဘယ်လို လည်ပတ်နေသလဲ,၈ ဧပြီ ၂၀၂၄
စစ်တက္ကသိုလ်ကို ရှော့တိုက်ဒုံးနဲ့ ပစ်ခဲ့လို့ NUG ပြော,၈ ဧပြီ ၂၀၂၄
ရာသီဥတု ပြောင်းလဲမှုကြောင့် ဗြိတိသျှ ဘီယာ ထိခိုက်,၈ ဧပြီ ၂၀၂၄
ဓာတ်သတ္တုအပြိုင်ရှာဖွေ‌ရေးနဲ့ ပင်လယ်သမုဒ္ဒရာ ပထဝီ နိုင်ငံရေး,၈ ဧပြီ ၂၀၂၄
မြဝတီ - လူမြင်ကွင်းမှာစစ်ကောင်စီတပ်ဖွဲ့တွေ မမြင်ရတော့တဲ့နယ်စပ်မြို့,၈ ဧပြီ ၂၀၂၄
ဧပြီ ၆ ရက် နိုင်ငံတဝန်း ထူးခြားသတင်းများအနှစ်ချုပ်,၈ ဧပြီ ၂၀၂၄
ဆလိုဗားကီးယားမှာ ရုရှားလိုလားတဲ့ သမ္မတလောင်းအနိုင်ရ,၇ ဧပြီ ၂၀၂၄
ဧပြီ ၇ ရက် နိုင်ငံတဝန်း ထူးခြားသတင်းများအနှစ်ချုပ်,၇ ဧပြီ ၂၀၂၄
တရုတ်အမျိုးသမီးတွေ ဘာကြောင့်သူစိမ်းတွေနဲ့ အဖော်စပ်ငွေစုကြသလဲ,၆ ဧပြီ ၂၀၂၄
ရုရှားကို ဟန့်တားဖို့ ရုရှားနဲ့ကပ်လျက်နိုင်ငံတွေက စစ်မှုမထမ်းမနေရ စနစ် ပြန်ကျင့်သုံး,၅ ဧပြီ ၂၀၂၄
လွယ်ဂျယ်နယ်စပ်မြို့ ကေအိုင်အေ ထိန်းချုပ်,၅ ဧပြီ ၂၀၂၄
ကူကီးချင်းတပ်က ဖမ်းသွားတဲ့ ဘဏ်မန်နေဂျာကို ဘင်္ဂလားဒေ့ရှ်ရဲကယ်,၅ ဧပြီ ၂၀၂၄
ကုလသမဂ္ဂလုံခြုံရေးကောင်စီ မြန်မာ့အရေး တံခါးဖွင့်ဆွေးနွေး,၅ ဧပြီ ၂၀၂၄
“၁၇ နှစ်ကြာမှ ပြန်ဆုံခွင့်ရတဲ့သမီးကြောင့် ကျွန်မဘဝ အသစ်တဖန်ပြန်လည်မွေးဖွားခဲ့ပြီ”,၅ ဧပြီ ၂၀၂၄
ချင်းပြည်နယ်မှာ အိန္ဒိယနဲ့ ကုန်သွယ်ရေး ပြန်လည်ပတ်,၄ ဧပြီ ၂၀၂၄
ဂါဇာက ကယ်ဆယ်ရေး ယာဉ်တန်း အစ္စရေးတိုက်ခိုက်မှု နိုင်ငံတကာ ပြစ်တင်,၄ ဧပြီ ၂၀၂၄
တရုတ်ကပေးတဲ့စာရင်းကြောင့် ဗိုလ်ချုပ်တွေစစ်ဆေးခံနေရ,၃ ဧပြီ ၂၀၂၄
နှစ်ပေါင်း ၂၅ နှစ်အတွင်းအဆိုးဆုံးကြုံရတဲ့ ထိုင်ဝမ်ငလျင်,၃ ဧပြီ ၂၀၂၄
တရုတ် အထူးကိုယ်စားလှယ် စစ်ကောင်စီ ဥက္ကဋ္ဌနဲ့ တွေ့ဆုံ ဆွေးနွေး,၂ ဧပြီ ၂၀၂၄
တောင်ကိုရီးယား မဲရုံတွေမှာ လျှို့ဝှက်ကင်မရာ လေးဆယ်တွေ့ပြီးနောက် ဖမ်းဆီးမှု,၁ ဧပြီ ၂၀၂၄
ထိုင်းရောက် မြန်မာလုပ်သားတွေ အခက်ကြုံနေရ,၁ ဧပြီ ၂၀၂၄
ဖလော်ရီဒါမှာ မြန်မာ့စပါးအုံးမြွေတွေ မထိန်းနိုင်အောင် ပွားလို့ အန္တရာယ်ဖြစ်နေ,၁ ဧပြီ ၂၀၂၄
တရုတ်လူမျိုး ၈ ဦးရဲ့အလောင်းတွေကို မက္ကဆီကို ကမ်းခြေမှာ တွေ့,၃၁ မတ် ၂၀၂၄
နယ်သာလန်နိုင်ငံအရှေ့ပိုင်းမြို့က ညကလပ် ပြန်ပေးဆွဲမှု အဆုံးသတ်,၃၀ မတ် ၂၀၂၄
ကင်ဆာရောဂါအတွက် ဆေးကုသမှု ခံယူနေတယ်လို့ ဝေလမင်းသမီး ထုတ်ပြော,၃၀ မတ် ၂၀၂၄
ဂျပန်မှာ ပြည်ပလုပ်သား တိုးခေါ်မယ်,၂၉ မတ် ၂၀၂၄
မြန်မာစစ်တပ်ထံ စစ်ဘက်သုံး ပစ္စည်းတွေ အိန္ဒိယ ရောင်းချနေ,၂၉ မတ် ၂၀၂၄
ပြည်ပနိုင်ငံတွေကို တိုက်လေယာဥ်တွေ ဂျပန်ရောင်းချတော့မယ်,၂၈ မတ် ၂၀၂၄
သီရိလင်္ကာမှာ အယူသည်း ဘုန်းတော်ကြီးကို  အလုပ်ကြမ်းနဲ့ ထောင်ဒဏ်လေးနှစ် ချ,၂၈ မတ် ၂၀၂၄
အရှေ့တောင်အာရှမှာ လိင်တူချင်း လက်ထပ်မှုကို အသိအမှတ်ပြုတဲ့ ပထမဆုံး နိုင်ငံ ဖြစ်လာတော့မယ့် ထိုင်း,၂၇ မတ် ၂၀၂၄
အလ္လာဟ်အမည်ပါတဲ့ ခြေအိတ်တွေ ရောင်းလို့ မလေးရှား ကုန်စုံဆိုင်ကို တရားစွဲ,၂၆ မတ် ၂၀၂၄
ဒေါ်လာ တသောင်းကျော်တန် လက်ဆောင်ယူမှုနဲ့ စင်္ကာပူဝန်ကြီးဟောင်းကို ထပ်မံစွဲဆို,၂၅ မတ် ၂၀၂၄
နဘူး၊ ပိုင်ကျုံနဲ့ သာမညတို့ဆီရောက်မယ့် ထိုင်းပေးတဲ့စာနာမှုအကူအညီ,၂၅ မတ် ၂၀၂၄
မတ် ၂၄ ရက်- နိုင်ငံတဝန်း ထူးခြားသတင်းများ အနှစ်ချုပ်,၂၄ မတ် ၂၀၂၄
ယူကရိန်း စစ်ပွဲ - ရုရှား ကမ်းတပ် စစ်သင်္ဘောတွေကို ယူကရိန်း ဖျက်ဆီး,၂၄ မတ် ၂၀၂၄
မော်စကိုမြို့ ဂီတခန်းမ စီးနင်းတိုက်ခိုက်ခံရမှုအကြောင်း သိထားသမျှ အချက်အလက်များ,၂၃ မတ် ၂၀၂၄
မော်စကို ဂီတခန်းမ ပစ်ခတ်မှု,၂၃ မတ် ၂၀၂၄
စစ်မှုထမ်း ဥပဒေကြောင့် ပြည်ပထွက်ခွာသူများလာ,၂၂ မတ် ၂၀၂၄
ပူတင် နောက်တကြိမ်သက်တမ်းနဲ့ ယူကရိန်း စစ်ပွဲအလားအလာ,၂၂ မတ် ၂၀၂၄
စစ်မှုမထမ်းချင်လို့ နိုင်ငံထဲကထွက်လာသူတွေ,၂၂ မတ် ၂၀၂၄
ဗီယက်နမ် သမ္မတ ဗိုဗန်ထွန်း တနှစ်အကြာမှာ နုတ်ထွက်,၂၁ မတ် ၂၀၂၄
ရွေးကောက်ပွဲနိုင်ခဲ့တဲ့ သမ္မတပူတင် ပါတီပွဲခမ်းခမ်းနားနား ကျင်းပပြီး အောင်ပွဲခံ,၂၁ မတ် ၂၀၂၄
“ခိုးယူကြဖို့ ဘူဒိုဇာနဲ့ အထိုးခံထားရတဲ့” အာဖဂန်နစ္စတန်က သမိုင်းဝင်နေရာတွေ,၂၁ မတ် ၂၀၂၄
အာဖဂန်နစ္စတန်မှာ နောက်ထပ် မိန်းကလေး ၃ သိန်း ကျောင်းတက်ခွင့် မရ - ယူနီဆက်,၂၁ မတ် ၂၀၂၄
စစ်ကိုင်းတိုင်းအတွင်း အခွန်ကောက်တာရပ်ဖို့ ပြည်သူ့ အုပ်ချုပ်ရေး အဖွဲ့ပြော,၁၉ မတ် ၂၀၂၄
ဂါဇာမြောက်ပိုင်းမှာ ငတ်မွတ်မှုတွေနဲ့ ရင်ဆိုင်ရနိုင်,၁၉ မတ် ၂၀၂၄
အေရွန် တေလာ ဂျွန်ဆင် - ဂျိမ်းစ်ဘွန်းမင်းသားသစ် ဖြစ်လာမလား ခန့်မှန်း,၁၉ မတ် ၂၀၂၄
ထောင်ချောက်ထဲ သက်ဆင်းမိတဲ့ အိမ်အကူတွေ,၁၉ မတ် ၂၀၂၄
မင်းပြားက ရိုဟင်ဂျာရွာတရွာကို စစ်ကောင်စီ ဗုံးကြဲတိုက်ခိုက်,၁၈ မတ် ၂၀၂၄
ရွှေဈေး ဘာကြောင့် စံချိန်တင် မြင့်တက်နေသလဲ,၁၈ မတ် ၂၀၂၄
ရုရှား ရွေးကောက်ပွဲမှာ ဗလာဒီမီယာ ပူတင် ထပ်အနိုင်ရ,၁၈ မတ် ၂၀၂၄
ရုရှား ရွေးကောက်ပွဲကို အနောက်က ရှုတ်ချပေမဲ့ ပူတင် အနိုင်ရတာကို တရုတ်နဲ့ အိန္ဒိယက ဂုဏ်ပြု သတင်းနဲ့ မတ်လ - ၁၈ ရက် နိုင်ငံတကာသတင်းများ,၁၈ မတ် ၂၀၂၄
TikTok ကိုပိတ်ဖို့ အမေရိကန်လုပ်ဆောင်မှု တရုတ် ရှုတ်ချ,၁၈ မတ် ၂၀၂၄
"""ကျွန်မရဲ့အမေက မြောက်ကိုရီးယားမှာ နာမည်အကြီးဆုံး အဆိုတော်ပါ""",၁၇ မတ် ၂၀၂၄
မြောက်ကိုရီးယားက  လမ်းညွှန်မှု အထူးပုဂ္ဂိုလ်၊ ကင်ဂျူအေး,၁၆ မတ် ၂၀၂၄
ဂါဇာကို ရေကြောင်းကနေ ပထမဆုံး အကူအညီပေးပို့မှု အောင်မြင်,၁၆ မတ် ၂၀၂၄
ရုရှား ပြည်သူတွေ မစ္စတာ ပူတင်ကို ဘယ်လိုသဘောထားကြသလဲ,၁၅ မတ် ၂၀၂၄
ရုရှား - ရွေးကောက်ပွဲက ပူတင်အတွက် ဘာကြောင့် အရေးကြီးတာလဲ,၁၅ မတ် ၂၀၂၄
ဝရမ်းထုတ်ခံထားရတဲ့ ‘ဝ’ ခေါင်း‌ဆောင် ဝေရှောက်ခန် ရဲ့ငွေတွေကို ဆွစ်ဇာလန်က ထိုင်းကို လွှဲပေးမယ်,၁၅ မတ် ၂၀၂၄
ယူကရိန်းစစ်ပွဲမှာ ဆယ်ကျော်သက်တွေ ပါဝင်ဖို့ ကျောင်းသုံးစာအုပ်သစ်နဲ့ ရုရှားလှုံ့ဆော်,၁၄ မတ် ၂၀၂၄
ဘိန်းစိုက်ဧက ၁၀၀၀ ကျော် TNLA ဖျက်ဆီး,၁၃ မတ် ၂၀၂၄
မြောက်အိုင်ယာလန်မှာ တွေ့ခဲ့တဲ့ ရှေးခေတ် လူ့ရုပ်ကြွင်း,၁၃ မတ် ၂၀၂၄
မြန်မာအကျဉ်းထောင်တွေက လူ့အခွင့်အရေးချိုးဖောက်မှု,၁၃ မတ် ၂၀၂၄
အမေရိကန် ရွေးကောက်ပွဲ - ဘိုင်ဒန် နဲ့ ထရမ့် ပြန်တွေ့ကြတော့မယ်,၁၃ မတ် ၂၀၂၄
ဘိုင်ဒင်နဲ့ ထရမ့် နောက်တချီ ထိပ်တိုက်တွေ့မယ့်  အမေရိကန် ရွေးကောက်ပွဲ - မတ် ၁၃ ရက် နိုင်ငံတကာ ထိပ်တန်း သတင်းများ,၁၃ မတ် ၂၀၂၄
ယူကရိန်းရဲ့ ရေပြင်ဒရုန်း,၁၂ မတ် ၂၀၂၄
နာဆာဆေးရုံ ဝန်ထမ်းတွေကို အစ္စရေးတပ်တွေ ဖမ်းဆီးနှိပ်စက်ခဲ့တဲ့ အထောက်အထားတွေ့,၁၂ မတ် ၂၀၂၄
ထိုင်းလူအများစု မဲထည့်ခဲ့တဲ့ Move Forward ပါတီ ဖျက်ဖို့ ရွေးကောက်ပွဲ ကော်မရှင်တောင်းဆို - မတ်လ ၁၂ ရက် နိုင်ငံတကာ သတင်းများ,၁၂ မတ် ၂၀၂၄
ဗာဂနာ ရုရှားကြေးစားအဖွဲ့ အာဖရိကမှာဘယ်လိုပြန်လည်ဖွဲ့စည်းခဲ့လဲ,၁၂ မတ် ၂၀၂၄
ရွှေကုက္ကိုက ကျားဖြန့်လုပ်သား- အွန်လိုင်းနဲ့ ငွေ ဘယ်လိုလိမ်ခဲ့လဲ,၁၂ မတ် ၂၀၂၄
လေရူးသုန်သုန်၊ ကွေးမြစ်ပေါ်က တံတား၊ ကျွန်တော့်ပျိုချော၊ ဂေ့ါဖားသား၊ နောက်ဆုံးဧကရာဇ်၊ တိုက်တန်းနစ်၊ လက်စွပ်များရဲ့အရှင်နဲ့ ကပ်ပါးပိုး,၁၂ မတ် ၂၀၂၄
တက္ကသိုလ်ဝင်တန်း စာမေးပွဲတွေကျင်းပ,၁၁ မတ် ၂၀၂၄
ဂါဇာအတွက် ကယ်ဆယ်ရေးပစ္စည်းတွေ လာပြီ,၁၁ မတ် ၂၀၂၄
ရိုင်ယန် ဂေါ့စလင်း၊ အဝတ်ဗလာနီးပါး ဂျွန် စီးနား၊ ဇာတ်ပို့ခွေးကလေးနဲ့  ၂၀၂၄ အော်စကာဆုပေးပွဲ,၁၁ မတ် ၂၀၂၄
မိသားစုဓာတ်ပုံကို ပြင်ဆင်တည်းဖြတ်ခဲ့တယ်လို့ ဝေလမင်းသမီး ထုတ်ပြော - မတ်လ ၁၁ ရက် နိုင်ငံတကာသတင်းများ,၁၁ မတ် ၂၀၂၄
စစ်ကောင်စီက လေယာဉ်ဆီတွေ ဘယ်လမ်းကြောင်းကနေ သွင်းနေလဲ,၁၁ မတ် ၂၀၂၄
ဆူမတ်ထြားကျွန်း မြေပြိုမှု သေဆုံးသူ ၁၉ ဦးထက်မနည်းရှိ- မတ်လ ၁၀ ရက်ညပိုင်းသတင်းများ,၁၀ မတ် ၂၀၂၄
ယူကရိန်းစစ်ပွဲ - ရုရှားအတွက် တိုက်ပေးနေရတဲ့ လှည့်ဖျားခံ အိန္ဒိယလူရွယ်တွေ,၉ မတ် ၂၀၂၄
ဂါဇာကိုသွားမယ့် စာနာမှုသင်္ဘာ ဆိုက်ပရပ်စ်ကနေ ထွက်ခွာဖို့ရှိ- မတ်လ ၉ ရက် နိုင်ငံတကာ ထိပ်တန်းသတင်း,၉ မတ် ၂၀၂၄
ဘူရ်ခါဝတ်ရင်း တာလီဘန်ကိုဆန့်ကျင်သီချင်းဆိုတဲ့ ညီအစ်မ,၈ မတ် ၂၀၂၄
ရွှေ့ပြောင်းဝင်လာသူတွေအရေး စာနာမှု အရင်းခံနဲ့ ချဥ်းကပ်မယ်လို့ သမ္မတဘိုင်ဒင်ပြော - မတ်လ ၈ ရက် ထိပ်တန်းနိုင်ငံတကာသတင်းများ,၈ မတ် ၂၀၂၄
ယူကရိန်း အရှေ့ခြမ်း ရုရှား ထိုးစစ်ဆင် တိုက်ခိုက်မှုတွေ ဆက်လုပ်,၇ မတ် ၂၀၂၄
အမေရိကန်သံတမန်တွေကို နှင်ထုတ်မယ်လို့ ရုရှားခြိမ်းခြောက် - မတ်လ ၇ ရက် နိုင်ငံတကာသတင်းများ,၇ မတ် ၂၀၂၄
အမေရိကန် ရွေးကောက်ပွဲအပေါ် တရုတ်သဘောထား,၆ မတ် ၂၀၂၄
ရခိုင်မှာ အခြေအနေ ပိုဆိုးလာတယ်လို့ ကုလပြော,၆ မတ် ၂၀၂၄
စစ်ကောင်စီ စစ်သင်တန်းကျောင်းတွေ ပြင်ဆင်ထား,၆ မတ် ၂၀၂၄
ရွေးကောက်ပွဲနေ့မှာ ပူတင်ကို ဆန္ဒပြကြဖို့ နာဗယ်လ်နီရဲ့ ဇနီး တိုက်တွန်း - မတ်လ ၆ ရက် နိုင်ငံတကာသတင်းများ,၆ မတ် ၂၀၂၄
ထိုင်းမှာ လေထုညစ်ညမ်းမှုကြောင့် လူ ၁၀ သန်းကျော်ဆေးကုသမှုခံယူရ,၆ မတ် ၂၀၂၄
ဟားမတ်စ်ကို အပြီးသတ်ချေမှုန်းမယ့် အစ္စရေးအစီအစဉ် အောင်မြင်သလား,၅ မတ် ၂၀၂၄
ပုဏ္ဏားကျွန်းမြို့နယ်ကို ရက္ခိုင့်တပ်တော် ထိန်းချုပ်,၅ မတ် ၂၀၂၄
အမေရိကန်မှာ စူပါကျူးစ်ဒေး ရွေးကောက်ပွဲ ကျင်းပ,၅ မတ် ၂၀၂၄
စီးပွားရေးကျပ်နေတဲ့ကြားက တရုတ် ကာကွယ်ရေးစရိတ် မြှင့် - မတ်လ ၅ ရက် နိုင်ငံတကာသတင်းများ,၅ မတ် ၂၀၂၄
အမေရိကန်တိုင်ချက်ထဲက ယာကူဇာခေါင်းဆောင်နဲ့ မြန်မာအဖွဲ့တွေကြားပတ်သက်မှု,၅ မတ် ၂၀၂၄
ဂါဇာအပစ်ရပ်ရေး ဆွေးနွေးမှု အဖြေမရသေး,၄ မတ် ၂၀၂၄
တန့်ဆည်မြို့နယ်ထဲ အသတ်ခံထားရတဲ့ အလောင်း ၁၁ လောင်းတွေ့,၄ မတ် ၂၀၂၄
တောင်ကိုရီးယားအမျိုးသမီးတွေ ကလေးမယူကြဖို့ ဆုံးဖြတ်လာကြတဲ့နောက်ကွယ် အကြောင်းရင်းတွေက ဘာတွေလဲ,၄ မတ် ၂၀၂၄
ဟေတီမြို့တော်မှာ အရေးပေါ်အခြေအနေကြေညာ - မတ်လ ၄ ရက် နိုင်ငံတကာသတင်းများ,၄ မတ် ၂၀၂၄
လေးကြိမ်မြောက် ဟိုင်ဂင်ဆွေးနွေးပွဲ - စစ်ကောင်စီနဲ့ ရက္ခိုင့်တပ်တော်ကြား အပစ်ရပ်သလား,၄ မတ် ၂၀၂၄
ဂါဇာ အပစ်ရပ်ရေး ဆွေးနွေးပွဲ ပြန်စနဲ့ မတ်လ ၃ ရက် နိုင်ငံတကာ သတင်းများ,၃ မတ် ၂၀၂၄
ရထားလမ်းအောက်က ဆင်ဖြတ်လမ်းတွေ လုပ်ပေးမယ့် သီရိလင်္ကာ သတင်းနဲ့ မတ်လ - ၂ ရက် နိုင်ငံတကာသတင်းများ,၂ မတ် ၂၀၂၄
စူပါအင်္ဂါနေ့ (Super Tuesday)နဲ့ ရီပတ်ဘလီကန်တွေရဲ့  ပရိုင်မာရီရွေးကောက်ပွဲဆိုတာ ဘာလဲ,၂ မတ် ၂၀၂၄
ဂါဇာမှာ အရပ်သား ၁၀၀ ကျော် သေဆုံးမှု စုံစမ်း စစ်ဆေးဖို့ တောင်းဆို,၁ မတ် ၂၀၂၄
ရုရှား အတိုက်အခံ နာရေး ကျင်းပ - မတ်လ ၁ ရက် နိုင်ငံတကာသတင်းများ,၁ မတ် ၂၀၂၄
မွေးဖွားနှုန်း ကျဆင်းလာတဲ့ တောင်ကိုရီးယား,၂၉ ဖေဖော်ဝါရီ ၂၀၂၄
အစ္စရေးထိုးစစ်ဆင်မှု စကတည်းက သေဆုံးသူ ပါလက်စတိုင်း ၃ သောင်းကျော်ရှိပြီ - ဖေဖော်ဝါရီလ ၂၉ ရက်ညပိုင်းသတင်းများ,၂၉ ဖေဖော်ဝါရီ ၂၀၂၄
မွတ်ဆလင်အများဆုံး နိုင်ငံက စီးပွားရေးအကြီးဆုံး  ၅ နိုင်ငံထဲ ဝင်နိုင်အောင် ကြိုးစားနေ,၂၉ ဖေဖော်ဝါရီ ၂၀၂၄
ပါ့စ်ဝတ် နေရာ အစားထိုးဝင်မယ့် ပါ့စ်ကီး,၂၈ ဖေဖော်ဝါရီ ၂၀၂၄
ချာ့ဒ်နိုင်ငံ မြို့တော် နေရာအတော်များများမှာပစ်ခတ်မှုတွေ ဖြစ် - ဖေဖော်ဝါရီလ ၂၈ ရက် နိုင်ငံတကာသတင်းများ,၂၈ ဖေဖော်ဝါရီ ၂၀၂၄
ဖေဖော်ဝါရီ ၂၈ ရက် ထိပ်တန်းသတင်းများ - မိုးကောင်းတံတားဖောက်ခွဲခံရ,၂၈ ဖေဖော်ဝါရီ ၂၀၂၄
‘ဘယ်သူက ကျွန်တော့်ကို ဖေဖေလို့ ခေါ်တော့မှာလဲ’ ဆွေမျိုး ၁၀၃ ယောက်ဆုံးရှုံး လိုက်ရတဲ့ ဂါဇာက ဖခင်ရဲ့ မျက်ရည်တွေ,၂၈ ဖေဖော်ဝါရီ ၂၀၂၄
မင်းပြားက ဆေးရုံနဲ့ ကျောင်းတွေ ဗုံးကြဲခံရ,၂၇ ဖေဖော်ဝါရီ ၂၀၂၄
စစ်မှုထမ်းဥပဒေကြောင့် ပြည်ပရောက်မြန်မာတွေ ပြန်ဖို့စိုးရိမ်,၂၇ ဖေဖော်ဝါရီ ၂၀၂၄
ဂါဇာမှာ ငတ်မွတ်မှုဘေးနဲ့ ကြုံနိုင်တယ်လို့ ကုလသတိပေး,၂၇ ဖေဖော်ဝါရီ ၂၀၂၄
လူသတ်မှုတွေ ကျူးလွန်ခဲ့တဲ့ မူးယစ်ခေါင်းဆောင်ကို နယ်သာလန်မှာ တစ်သက်တကျွန်းချမှတ် - ဖေဖော်ဝါရီလ ၂၇ ရက်ညပိုင်းသတင်းများ,၂၇ ဖေဖော်ဝါရီ ၂၀၂၄
ဖေဖော်ဝါရီ ၂၇ ရက် ထိပ်တန်းသတင်းများ - ထိုင်းက တန်ဖိုးမြင့်အိမ်ခြံမြေဝယ်ယူမှုအများဆုံးတတိယနေရာမှာ မြန်မာရပ်တည်,၂၇ ဖေဖော်ဝါရီ ၂၀၂၄
တနင်္သာရီဒေသက စစ်ရေးအခြေအနေ,၂၆ ဖေဖော်ဝါရီ ၂၀၂၄
ရမ်းဗြဲမှာ တိုက်ပွဲတွေကြောင့် တမြို့လုံးနီးပါး ပျက်စီး,၂၆ ဖေဖော်ဝါရီ ၂၀၂၄
ယူကရိန်းမှာ စစ်ပွဲကာလ ၂ နှစ်ကို ဘယ်လိုဖြတ်သန်း,၂၆ ဖေဖော်ဝါရီ ၂၀၂၄
မောင်းသူမရှိဘဲ ထွက်သွားတဲ့ အိန္ဒိယ ကုန်တင်ရထား - ဖေဖော်ဝါရီလ ၂၆ ရက် နိုင်ငံတကာသတင်းများ,၂၆ ဖေဖော်ဝါရီ ၂၀၂၄
ကန့်ကွက်မှုတွေကြားက မြန်မာအတွက် ထိုင်းရဲ့ လူသားချင်းစာနာမှုဆိုင်ရာရှေ့ပြေးအစီအစဉ်,၂၆ ဖေဖော်ဝါရီ ၂၀၂၄
Eurovision သီချင်းပြိုင်ပွဲကိစ္စ အချင်းများနေမှုအစ္စရေးသမ္မတ ဝင်ပြော - ဖေဖော်ဝါရီလ ၂၅ ရက်ညပိုင်း သတင်းများ,၂၅ ဖေဖော်ဝါရီ ၂၀၂၄
ဂျပန်က အဝတ်ဗလာပွဲတော် - နှစ်ပေါင်း တစ်ထောင်ကျော်အတွင်း အမျိုးသမီးတွေ ပထမဆုံးပါဝင်ခွင့်ရ,၂၅ ဖေဖော်ဝါရီ ၂၀၂၄
ဖေဖော်ဝါရီ ၂၅ ရက် ထိပ်တန်းသတင်းများ - မေတ္တာမြို့နဲ့ ဟိန္ဒားရဲစခန်းက စစ်ကောင်စီတပ်ဖွဲ့ဝင်တွေ စခန်းစွန့်ခွာ,၂၅ ဖေဖော်ဝါရီ ၂၀၂၄
ယူကရိန်းစစ် ၂ နှစ်ပြည့် နဲ့ ဂါဇာက အခြေအနေ - ဖေဖော်ဝါရီ  ၂၄ ရက်ညခင်း သတင်းများ,၂၄ ဖေဖော်ဝါရီ ၂၀၂၄
ရုရှားရဲ့ ‌စစ်ထောက်လှမ်းရေးလေယာဥ်ကိုယူကရိန်းထပ်မံပစ်ချ,၂၄ ဖေဖော်ဝါရီ ၂၀၂၄
ယူကရိန်း စစ်ပွဲ ၂ နှစ်ပြည့်နဲ့ ရုရှားနိုင်ငံအပြောင်းအလဲ,၂၃ ဖေဖော်ဝါရီ ၂၀၂၄
အမေရိကန်နဲ့ ဥရောပသမဂ္ဂတို့က ရုရှားအပေါ် ဒဏ်ခတ်ပိတ်ဆို့မှုအသစ်တွေ ချမှတ်- ဖေဖော်ဝါရီ ၂၃ နိုင်ငံတကာသတင်းများ,၂၃ ဖေဖော်ဝါရီ ၂၀၂၄
လူ၇၀ ကျော် သေဆုံးခဲ့ရတဲ့ အစ္စရေးရဲ့ စီးနင်းမှု,၂၂ ဖေဖော်ဝါရီ ၂၀၂၄
အနောက်ဘက်ကမ်း ပစ်ခတ်မှု လူသေဆုံး- ဖေဖော်ဝါရီ ၂၂ ရက် နိုင်ငံတကာသတင်းများ,၂၂ ဖေဖော်ဝါရီ ၂၀၂၄
ယူကရိန်း စစ်ပွဲ ၂ နှစ်ပြည့် - စစ်ပွဲကြီးရဲ့ အဓိကကျတဲ့ အချက် ၅ ချက်,၂၂ ဖေဖော်ဝါရီ ၂၀၂၄
ယူနန်ပြည်နယ်က တာဝန်ရှိသူတွေ စစ်ကောင်စီ ဥက္ကဋ္ဌနဲ့ လာရောက်ဆွေးနွေး,၂၁ ဖေဖော်ဝါရီ ၂၀၂၄
နာဆာဆေးရုံမှာ ကျန်ခဲ့တဲ့ လူနာတွေနဲ့ ဆရာဝန်တွေရဲ့ အခြေအနေ,၂၁ ဖေဖော်ဝါရီ ၂၀၂၄
တစ်ယောက်အသက် တစ်ယောက် ကယ်ခဲ့တဲ့ သူစိမ်းတွေ,၂၁ ဖေဖော်ဝါရီ ၂၀၂၄
ဗြိတိသျှဒုံးကျည်စမ်းမှု မအောင်မြင်- ဖေဖော်ဝါရီ ၂၁ ရက် နိုင်ငံတကာသတင်းများ,၂၁ ဖေဖော်ဝါရီ ၂၀၂၄
NUG နဲ့ မြောက်ပိုင်း ညီနောင် မဟာမိတ်တွေအကြား ဆက်ဆံရေး,၂၀ ဖေဖော်ဝါရီ ၂၀၂၄
အစ္စရေးရဲ့ လူမျိုးခွဲခြားမှု တောင်အာဖရိက အိုင်စီဂျေမှာ စွပ်စွဲ- ဖေဖော်ဝါရီ ၂၀ နိုင်ငံတကာသတင်းများ,၂၀ ဖေဖော်ဝါရီ ၂၀၂၄
ဖေဖော်ဝါရီ ၂၀ ရက်ထိပ်တန်းသတင်းများ - မံစီမြို့နယ်၊ စီခမ်းကြီးက စစ်တပ်စခန်းကို KIA ပူးပေါင်းတပ်ဖွဲ့တွေ သိမ်း,၂၀ ဖေဖော်ဝါရီ ၂၀၂၄
ဥရောပ ထွန်စက်တိုက်ပွဲ အိန္ဒိယလယ်သမားတွေဆီ ပျံ့နှံ့လာပြီလား,၂၀ ဖေဖော်ဝါရီ ၂၀၂၄
မန္တလေးမှာ နိုင်ငံကူးလက်မှတ်တန်းစီရင်း လူပိပြီး ၂ ဦးသေဆုံး,၁၉ ဖေဖော်ဝါရီ ၂၀၂၄
ရခိုင်မှာ စစ်ကောင်စီက ပြည်သူ့စစ် အင်အားစုဆောင်း,၁၉ ဖေဖော်ဝါရီ ၂၀၂၄
ရွေးကောက်ပွဲတွေနဲ့ အေအိုင်အပေါ် စိုးရိမ်မှု,၁၉ ဖေဖော်ဝါရီ ၂၀၂၄
ပါလက်စတိုင်းကို အစ္စရေး သိမ်းပိုက်မှု အိုင်စီဂျေ မှာ ကြားနာ - ဖေဖော်ဝါရီ ၁၉ နိုင်ငံတကာသတင်းများ,၁၉ ဖေဖော်ဝါရီ ၂၀၂၄
ပတ်စ်ပို့တန်းစီရင်း အသက်ဆုံးတဲ့အထိဖြစ်ကြတာဘာကြောင့်လဲ,၁၉ ဖေဖော်ဝါရီ ၂၀၂၄
ဖေဖော်ဝါရီ ၁၉ ရက် ထိပ်တန်းသတင်းများ - စစ်ကောင်စီရဲ့ စစ်မှုထမ်းဥပဒေကို ဆန့်ကျင်ကန့်ကွက်တယ်လို့ KNU ပြော,၁၉ ဖေဖော်ဝါရီ ၂၀၂၄
ဂါဇာက နက်ဆာဆေးရုံကို စီးနင်းထားတဲ့ အစ္စရေး WHO ကို ဝင်ခွင့်မပေး - ဖေဖော်ဝါရီ ၁၈ ရက် ညနေခင်း သတင်းများ,၁၈ ဖေဖော်ဝါရီ ၂၀၂၄
လက်နက်တွေထပ်လိုနေပြီလို့ ယူကရိန်းသမ္မတပြော,၁၈ ဖေဖော်ဝါရီ ၂၀၂၄
ဝန်ကြီးချုပ်ဟောင်း သက်ဆင် နက်ဖြန်ပြန်လွတ်လာမယ်လို့ ထိုင်းအစိုးရ အတည်ပြု - ဖေဖော်ဝါရီ ၁၇ရက် ညနေခင်း သတင်းများ,၁၇ ဖေဖော်ဝါရီ ၂၀၂၄
အလက်ဇီ နဗာလ်နီ - ထောင်ဒဏ်ချမှတ်ခံခဲ့ရပေမဲ့ ရုရှားသမ္မတပူတင်ကို ပေါ်တင်ဝေဖန်ခဲ့သူ,၁၇ ဖေဖော်ဝါရီ ၂၀၂၄
ဖေဖော်ဝါရီ ၁၇ ရက်ထိပ်တန်းသတင်းများ - မံစီမြို့၊ စီခမ်းကြီးကျေးရွာမှာ တိုက်ပွဲပြင်းထန်နေ,၁၇ ဖေဖော်ဝါရီ ၂၀၂၄
မြောက်ကိုရီးယားလူငယ်တွေကို လိင်စော်ကားမှုနဲ့ တောင်ကိုရီးယားသင်းအုပ်ဆရာ ထောင်ချခံရ - ဖေဖော်ဝါရီလ ၁၆ ရက် နိုင်ငံတကာသတင်းများ,၁၆ ဖေဖော်ဝါရီ ၂၀၂၄
အာဆီယံ အကူအညီပေးရေး အစီအစဉ် ကေအန်ယူ ထောက်ပြဝေဖန်,၁၆ ဖေဖော်ဝါရီ ၂၀၂၄
ဂျိုး ဘိုင်ဒန်ကို ထောက်ခံတယ်လို့ မစ္စတာ ပူတင်ပြောဆို,၁၆ ဖေဖော်ဝါရီ ၂၀၂၄
ဘန်ကောက်လေထုညစ်ညမ်းမှုကြောင့် အိမ်ကနေအလုပ်လုပ်ဖို့ အာဏာပိုင်တွေပန်ကြား - ဖေဖော်ဝါရီ ၁၅ရက် နိုင်ငံတကာသတင်းများ,၁၅ ဖေဖော်ဝါရီ ၂၀၂၄
ထိုင်း ဗီဇာလျှောက်ထားမှု ပိုများလာ,၁၅ ဖေဖော်ဝါရီ ၂၀၂၄
စစ်ကောင်စီ တပ်ဖွဲ့ဝင်တွေကို ဘင်္ဂလားဒေ့ရှ် ပြန်လွှဲပေး,၁၅ ဖေဖော်ဝါရီ ၂၀၂၄
လောက်ကိုင်မှာ တရားမဝင်နိုင်ငံခြားသား  သောင်းချီ ဘယ်လို ခိုအောင်းခဲ့ကြသလဲ,၁၅ ဖေဖော်ဝါရီ ၂၀၂၄
ဂါဇာက ပါလက်စတိုင်း လခြမ်းနီအဖွဲ့ရဲ့  ကယ်ဆယ်မှုတွေ,၁၄ ဖေဖော်ဝါရီ ၂၀၂၄
ရုရှားစစ်သင်္ဘော ယူကရိန်း တိုက်ခိုက်နှစ်မြှုပ်လိုက်တယ်လို့ပြော- ဖေဖော်ဝါရီ ၁၄ နိုင်ငံတကာသတင်းများ,၁၄ ဖေဖော်ဝါရီ ၂၀၂၄
အင်ဒိုနီးရှားရွေးကောက်ပွဲနဲ့ လူငယ်မဲဆန္ဒရှင်များ,၁၃ ဖေဖော်ဝါရီ ၂၀၂၄
စစ်မှုထမ်း ဥပဒေအပေါ် တိုင်းရင်းသား အဖွဲ့တွေနဲ့ ပြည်သူ့သဘောထား,၁၃ ဖေဖော်ဝါရီ ၂၀၂၄
ဒေါ်လာဘီလျံချီ ထောက်ပံ့ရေး ဥပဒေကြမ်း အမေရိကန်ဆီးနိတ်လွှတ်တော် အတည်ပြု - ဖေဖော်ဝါရီလ ၁၃ ရက် နိုင်ငံတကာသတင်းများ,၁၃ ဖေဖော်ဝါရီ ၂၀၂၄
‘သူတို့နဲ့မျက်လုံးချင်းဆုံအောင် မကြည့်နဲ့’ - အယ်လ် ဆာဗေးဒိုး လျှို့ဝှက်ထောင်ကြီးက အကျဥ်းသားတွေနဲ့တွေ့ဆုံခြင်း,၁၃ ဖေဖော်ဝါရီ ၂၀၂၄
ရာဖာက ဓားစာခံ ၂ ယောက် အစ္စရေး ကယ်ဆယ်နိုင်,၁၂ ဖေဖော်ဝါရီ ၂၀၂၄
စစ်မှုထမ်းဥပဒေအပေါ် လူငယ်တွေရဲ့ သဘောထား,၁၂ ဖေဖော်ဝါရီ ၂၀၂၄
ဓားစာခံတွေ ကယ်ထုတ်ဖို့ စစ်ရေးသာရှိလို့  အစ္စရေးဆို- ဖေဖော်ဝါရီ ၁၂ရက် နိုင်ငံတကာသတင်းများ,၁၂ ဖေဖော်ဝါရီ ၂၀၂၄
ပါကစ္စတန်ရွေးကောက်ပွဲ နောက်ဆုံးမဲရလဒ် ထုတ်ပြန်-ဖေဖော်ဝါရီလ ၁၁ ရက်ညပိုင်းသတင်းများ,၁၁ ဖေဖော်ဝါရီ ၂၀၂၄
ဂါဇာမှာ အရေးပေါ် ဖုန်းခေါ်ဆို အကူအညီတောင်းခဲ့တဲ့ ပါလက်စတိုင်းကလေးငယ်သေဆုံး,၁၁ ဖေဖော်ဝါရီ ၂၀၂၄
ပါကစ္စတန် ရွေးကောက်ပွဲ အပြတ်အသတ် အနိုင်ရတာ မရှိသေး - ဖေဖော်ဝါရီ ၁၀ ရက် နိုင်ငံတကာ သတင်းများ,၁၀ ဖေဖော်ဝါရီ ၂၀၂၄
အင်ဒိုနီးရှား ရွေးကောက်ပွဲ - ရိုဟင်ဂျာဒုက္ခသည်တွေကို အမုန်းပွားစေတဲ့ ကောလာဟလတွေ,၁၀ ဖေဖော်ဝါရီ ၂၀၂၄
ဂန္ဓာလရာဇ်သို့ ပိုးလမ်းမကြီး- မြန်မာသိတဲ့ စိန့်တိုင်း တရုတ်ပြည်,၉ ဖေဖော်ဝါရီ ၂၀၂၄
သန်းနဲ့ချီတဲ့လူတွေ အိမ်ကိုပြန်ကြတဲ့ တရုတ်နှစ်သစ်ကူး,၉ ဖေဖော်ဝါရီ ၂၀၂၄
အကြိတ်အနယ်ဖြစ်နေတဲ့ ပါကစ္စတန်ရွေးကောက်ပွဲရလဒ်- ဖေဖော်ဝါရီ ၉  ရက် နိုင်ငံတကာသတင်းများ,၉ ဖေဖော်ဝါရီ ၂၀၂၄
ဖေဖော်ဝါရီ ၉ ရက် ထိပ်တန်းသတင်းများ - စစ်အာဏာသိမ်း သုံးနှစ်အတွင်း အစုလိုက်အပြုံလိုက် အသတ်ခံရမှုပေါင်း ၈၃ ခုရှိတယ်လို့ NLD ထုတ်ပြန်,၉ ဖေဖော်ဝါရီ ၂၀၂၄
ပရာဘိုဝို ဆူဘီယံတို - သွေးစွန်း အတိတ်နဲ့ ပွေ့ဖက်ချင်စရာ ဘိုးဘိုး,၉ ဖေဖော်ဝါရီ ၂၀၂၄
ဂါဇာ ပဋိပက္ခ ကျယ်ပြန့်လာနိုင်တဲ့ အခြေအနေရှိနေ,၈ ဖေဖော်ဝါရီ ၂၀၂၄
တရုတ်နှစ်ကူး အကြို ပြင်ဆင်နေမှုတွေ,၈ ဖေဖော်ဝါရီ ၂၀၂၄
DIOR လက်ကိုင်အိတ် လက်ဆောင် လက်ခံလို့ တောင်ကိုရီးယား သမ္မတကတော် ဝေဖန်ခံရ - ဖေဖော်ဝါရီ ၈  ရက် နိုင်ငံတကာသတင်းများ,၈ ဖေဖော်ဝါရီ ၂၀၂၄
ထိုင်းက ဖမ်းဝရမ်းထုတ်တဲ့ သူဌေးကျွန်းပိုင်ရှင် ဦးကျော်လွင်,၈ ဖေဖော်ဝါရီ ၂၀၂၄
ဂါနာရှေးဟောင်းအမွေအနှစ်တွေ  နိုင်ငံကိုပြန်ရောက်,၇ ဖေဖော်ဝါရီ ၂၀၂၄
ဂျပန်မြောက်ပိုင်း ရေခဲပြင်ကြား ပိတ်မိနေတဲ့ ဝေလငါးအုပ် လွတ်မြောက် - ဖေဖော်ဝါရီ ၇  ရက် နိုင်ငံတကာသတင်းများ,၇ ဖေဖော်ဝါရီ ၂၀၂၄
နမိုးနီးယား အဆုတ်ရောင်ရောဂါအကြောင်း သိကောင်းစရာ အချက် ၅ ချက်,၆ ဖေဖော်ဝါရီ ၂၀၂၄
ချားလ်စ်ဘုရင်မှာ ကင်ဆာရောဂါတွေ့,၆ ဖေဖော်ဝါရီ ၂၀၂၄
ဒီးမော့ဆိုက စာသင်ကျောင်းတွေ လေကြောင်းတိုက်ခိုက်ခံရ,၆ ဖေဖော်ဝါရီ ၂၀၂၄
ယူကရိန်းနွယ်ဖွား ဂျပန်နိုင်ငံသူ အလှသရဖူ စွန့်လွှတ်- ဖေဖော်ဝါရီ ၆ ရက် နိုင်ငံတကာသတင်းများ,၆ ဖေဖော်ဝါရီ ၂၀၂၄
ချားလ်စ်ဘုရင် ကင်ဆာဖြစ်နေတယ်လို့နန်းတော် ထုတ်ပြန်,၅ ဖေဖော်ဝါရီ ၂၀၂၄
မောင်တောနယ်ခြားစောင့်တွေ ဘင်္ဂလားဒေ့ရှ်ကိုပြေး,၅ ဖေဖော်ဝါရီ ၂၀၂၄
ဂါဇာအပစ်ရပ်ရေး ဘယ်လောက်နီးသလဲ,၅ ဖေဖော်ဝါရီ ၂၀၂၄
မြန်မာ့အရေး ကုလသမဂ္ဂ လုံခြုံရေး ကောင်စီ ဆွေးနွေးမယ်,၅ ဖေဖော်ဝါရီ ၂၀၂၄
ကလေးယူတဲ့ ဝန်ထမ်းတွေအတွက် တောင်ကိုရီးယားကုမ္ပဏီတခုက ဒေါ်လာ ၇ သောင်းကျော် ဆုချ - ဖေဖော်ဝါရီ ၅  ရက် နိုင်ငံတကာသတင်းများ,၅ ဖေဖော်ဝါရီ ၂၀၂၄
သူလျှိုသံသယနဲ့ ဖမ်းဆီးခံရတဲ့ သြစတြေးလျနိုင်ငံသား ရန်ဟန်းဂျွန်ရဲ့ ဆိုင်းငံ့သေဒဏ်ချမှတ်,၅ ဖေဖော်ဝါရီ ၂၀၂၄
ဗြိတိန်မှာ စစ်သားဦးရေနည်းပါးနေသလို လက်နက်ခဲယမ်းလည်း ရေရှည်စစ်အတွက် မပြည့်မီ- ဖေဖေါ်ဝါရီ ၄ ရက် နိုင်ငံတကာ ထိပ်တန်း သတင်း,၄ ဖေဖော်ဝါရီ ၂၀၂၄
အီရတ်နဲ့ ဆီးရီးယားကပစ်မှတ်တွေကို တိုက်မယ်ဆိုတဲ့အမေရိကန်အပြောကို အီရန်ဘယ်လိုတွက်ဆနေလဲ,၄ ဖေဖော်ဝါရီ ၂၀၂၄
မြောက်ကိုရီးယားရဲ့ မျက်တောင်တုများ - ဖေဖေါ်ဝါရီ ၃ ရက် ထိပ်တန်း နိုင်ငံတကာ သတင်းများ,၃ ဖေဖော်ဝါရီ ၂၀၂၄
အမေရိကန်တိုက်ခိုက်မှုကြောင့် အရပ်သားတွေအပါအဝင် ၁၆ ဦးသေတယ်လို့ အီရတ်ပြော,၃ ဖေဖော်ဝါရီ ၂၀၂၄
ဖေဖော်ဝါရီ ၃ ရက် ထိပ်တန်းသတင်းများ - ဖားကန့် နမ့်တိန်းဗျူဟာကုန်းကို KIA နဲ့ PDF သိမ်းပိုက်,၃ ဖေဖော်ဝါရီ ၂၀၂၄
စစ်ဆန့်ကျင်တဲ့ ရုရှား Bi-2 ရော့ခ်ဂီတအဖွဲ့ ထိုင်းကနေ ရှောင်တိမ်းရ,၂ ဖေဖော်ဝါရီ ၂၀၂၄
ဘက်ပြောင်းခိုလှုံသူတွေ ပြောပြတဲ့ မြောက်ကိုရီးယားနိုင်ငံထဲကို စပိုင်ရုပ်ရှင်ဆန်ဆန် ငွေလွှဲပြောင်းမှု,၂ ဖေဖော်ဝါရီ ၂၀၂၄
စစ်တပ်နဲ့ ဆက်စပ်သူတွေကို အနောက်နိုင်ငံတွေ ထပ်မံပိတ်ဆို့,၂ ဖေဖော်ဝါရီ ၂၀၂၄
ထောင် ၁၂ နှစ် ချခံထားရသူ မလေးရှားဝန်ကြီးချုပ်ဟောင်းကို ထောင်ဒဏ် တစ်ဝက် လျှော့- ဖေဖော်ဝါရီ ၂ ရက် နိုင်ငံတကာသတင်းများ,၂ ဖေဖော်ဝါရီ ၂၀၂၄
မတည်ငြိမ်မှုတွေရှိတဲ့ မြန်မာနယ်စပ်ကို အိန္ဒိယကဘာကြောင့် စည်းရိုးခတ်ချင်တာလဲ,၂ ဖေဖော်ဝါရီ ၂၀၂၄
ကမ္ဘောဒီးယားက အန္တရာယ်များတဲ့ အုတ်လုပ်ငန်း,၁ ဖေဖော်ဝါရီ ၂၀၂၄
အာဏာသိမ်းမှု သုံးနှစ်ပြည့် နိုင်ငံတဝန်း အသံတိတ်သပိတ်မှောက်,၁ ဖေဖော်ဝါရီ ၂၀၂၄
ယူကရိန်းကို ဒေါ်လာ ဘီလျံ ၅၀ ကျော် ထောက်ပံ့ဖို့ အီးယူနိုင်ငံတွေ သဘောတူ - ဖေဖော်ဝါရီလ ၁ ရက် နိုင်ငံတကာသတင်းများ,၁ ဖေဖော်ဝါရီ ၂၀၂၄
ဖေဖော်ဝါရီ ၁ ရက် ထိပ်တန်းသတင်းများ - စစ်အာဏာသိမ်းမှု ၃ နှစ်ပြည့်မှာ အကူအညီလိုသူ ၁၈ သန်းကျော်ပြီလို့ ကုလပြော,၁ ဖေဖော်ဝါရီ ၂၀၂၄
အနောက်ဘက်ကမ်းက ဆေးရုံထဲ အစ္စရေး စီးနင်း,၃၁ ဇန်နဝါရီ ၂၀၂၄
ကမ္ဘာ့အကြီးဆုံးစိန်ကြီး တစ်လုံးကိုရှာတွေ့ခဲ့တဲ့လူငယ်နှစ်ဦး ဘာဖြစ်သွားပြီလဲ,၃၁ ဇန်နဝါရီ ၂၀၂၄
မြန်မာလုပ်ငန်းရှင် ဦးထွန်းမင်းလတ်ရဲ့အမှုကို ထိုင်းတရားရုံး ပလပ်,၃၀ ဇန်နဝါရီ ၂၀၂၄
မီဇိုရမ်ပြည်နယ်က စစ်ဘေးရှောင် ပြည်သူများ,၃၀ ဇန်နဝါရီ ၂၀၂၄
၁ လအတွင်း စစ်ကောင်စီ လေယာဥ်နဲ့ ရဟတ်ယာဥ် ၃ စင်းပစ်ချခံရ,၃၀ ဇန်နဝါရီ ၂၀၂၄
မြန်မာစစ်ဘေးရှောင်တွေအတွက် အာဆီယံ ကူညီမယ်,၃၀ ဇန်နဝါရီ ၂၀၂၄
ပါကစ္စတန်ဝန်ကြီးချုပ်ဟောင်း အင်မရန် ခန်း ထောင်ဒဏ် ၁၀ နှစ်ချမှတ်ခံရ - ဇန်နဝါရီလ ၃၀ ရက် နိုင်ငံတကာသတင်းများ,၃၀ ဇန်နဝါရီ ၂၀၂၄
ကမ္ဘာ့အမြင့်ဆုံး သစ်သား လေတာဘိုင်,၂၉ ဇန်နဝါရီ ၂၀၂၄
ရခိုင်အရေး တရုတ်ကြားဝင်စေ့စပ်နေကြောင်း သတင်းထွက်,၂၉ ဇန်နဝါရီ ၂၀၂၄
လာအို အာဆီယံ အစည်းအဝေး စစ်ကောင်စီ ကိုယ်စားလှယ်လွှတ်,၂၉ ဇန်နဝါရီ ၂၀၂၄
ပါလက်စတိုင်းဒုက္ခသည်တွေအတွက် နိုင်ငံတချို့ အလှူငွေဆိုင်းငံ့ - ဇန်နဝါရီလ ၂၉ ရက် နိုင်ငံတကာသတင်းများ,၂၉ ဇန်နဝါရီ ၂၀၂၄
ဇန်နဝါရီ ၂၉ ရက် ထိပ်တန်းသတင်းများ - ကရင်မှာ စစ်‌‌ကောင်စီရဟတ်ယာဉ်တစ်စီးပစ်ချခံရ,၂၉ ဇန်နဝါရီ ၂၀၂၄
မိုနာလီဇာ ပန်းချီကား ဟင်းချိုရည်တွေနဲ့ အပက်ခံရ - ဇန်နဝါရီ  ၂၈ ရက် နိုင်ငံတကာသတင်းများ,၂၈ ဇန်နဝါရီ ၂၀၂၄
လက်နက်ဝယ် အဂတိမှုကြီးတစ်ခုကို ဖော်ထုတ်နိုင်ပြီလို့ ယူကရိန်းပြော,၂၈ ဇန်နဝါရီ ၂၀၂၄
ဇန်နဝါရီလ ၂၈ ရက် ထိပ်တန်းသတင်းများ - မြောက်ဦးမှာ လက်နက်ကြီးကျလို့ နေအိမ် ဆယ်ချီ မီးလောင်,၂၈ ဇန်နဝါရီ ၂၀၂၄
သတ်ဖြတ်ခံရတဲ့ အမျိုးသမီးတွေများလာလို့ ကင်ညာမှာ ဆန္ဒတွေပြနေ သတင်းနဲ့ ဇန်နဝါရီလ - ၂၇ ရက် နိုင်ငံ တကာ သတင်းများ,၂၇ ဇန်နဝါရီ ၂၀၂၄
ကမ္ဘာမှာ သေဒဏ်စီရင်တဲ့နိုင်ငံ ဘယ်နှနိုင်ငံရှိနေသေးလဲ၊ ကွပ်မျက်ခံခဲ့ရသူပေါင်း ဘယ်လောက်များလဲ။,၂၇ ဇန်နဝါရီ ၂၀၂၄
ဂါဇာမှာ အရပ်သားတွေကို အစ္စရေး ပိုကာကွယ်ပေးဖို့ အိုင်စီဂျေ အမိန့်ထုတ် - ဇန်နဝါရီ ၂၆ ရက် နိုင်ငံတကာသတင်းများ,၂၆ ဇန်နဝါရီ ၂၀၂၄
ပေါက်တောကို အေအေထိန်းချုပ်၊ ရမ်းဗြဲမှာ တိုက်ပွဲ ပြင်းထန်,၂၅ ဇန်နဝါရီ ၂၀၂၄
ပင်လယ်နီထဲက အမေရိကန် စစ်သင်္ဘောတွေ,၂၅ ဇန်နဝါရီ ၂၀၂၄
ရုရှားလေယာဉ်ပျက်ကျမှု စုံစမ်းစစ်ဆေးဖို့ နိုင်ငံတကာကို ဇယ်လန်းစကီး တောင်းဆို - ဇန်နဝါရီ ၂၅ ညနေခင်း သတင်းများ,၂၅ ဇန်နဝါရီ ၂၀၂၄
Move Forward ပါတီ အမတ် ပီတာလင်ဂျာရိုရက် လွှတ်တော်ပြန်တက်ပြီ,၂၅ ဇန်နဝါရီ ၂၀၂၄
ဇန်နဝါရီလ ၂၅ ရက် ထိပ်တန်းသတင်းများ - ခြံနံပါတ် ၅၄ ကို ကျပ်ငွေ ၃၁၅ ဘီလျံနဲ့ လေလံတင်မယ်,၂၅ ဇန်နဝါရီ ၂၀၂၄
ရီပတ်ဘလီကန်တွေကြားမှာ ထရမ့် ဘာကြောင့် ရေပန်းစားနေသလဲ,၂၅ ဇန်နဝါရီ ၂၀၂၄
စစ်ကောင်စီနဲ့ ကရင် BGF တွေ့ဆုံ ဆွေးနွေး,၂၄ ဇန်နဝါရီ ၂၀၂၄
နယူးဟမ်ရှိုင်းယားမှာ ထရမ့်နိုင်,၂၄ ဇန်နဝါရီ ၂၀၂၄
ဂါဇာထိုးစစ်အပေါ်  အစ္စရေးမှာ မေးခွန်းထုတ် - ဇန်နဝါရီ  ၂၃ ရက် ညနေခင်းသတင်းများ,၂၄ ဇန်နဝါရီ ၂၀၂၄
ပီတာ ရွေးကောက်ပွဲဥပဒေ မချိုးဖောက်ဘူးလို့ ထိုင်းဖွဲ့စည်းပုံတရားရုံး အမိန့်ချ - ဇန်နဝါရီ  ၂၄ ရက် နိုင်ငံတကာသတင်းများ,၂၄ ဇန်နဝါရီ ၂၀၂၄
ဇန်နဝါရီလ ၂၄ ရက် ထိပ်တန်းသတင်းများ - အာဆီယံရဲ့ မြန်မာ့အရေးအထူးသံနဲ့  NUG နိုင်ငံခြား ရေးဝန်ကြီးတို့ တွေ့ဆုံ,၂၄ ဇန်နဝါရီ ၂၀၂၄
ယူကရိန်းစစ်သုံ့ပန်းတွေပါတဲ့ ရုရှားစစ်တပ်ပို့ဆောင်ရေးလေယာဥ်ပျက်ကျ,၂၄ ဇန်နဝါရီ ၂၀၂၄
ထီးချိုင့်တိုက်ပွဲမှာ AA နဲ့ KIA ပါ ပူးပေါင်းလာတယ်လို့ ဒေသကာကွယ်ရေးတွေပြော,၂၃ ဇန်နဝါရီ ၂၀၂၄
ယီမင်ပြည်တွင်းစစ်နဲ့ ပြည်ပနိုင်ငံများ ပတ်သက်မှု,၂၃ ဇန်နဝါရီ ၂၀၂၄
မြန်မာလေတပ် လေယာဉ် မီဇိုရမ်မှာ ပြေးလမ်းချော်,၂၃ ဇန်နဝါရီ ၂၀၂၄
ဓညဝတီရေတပ်စခန်းကို AA တိုက်ခိုက်,၂၃ ဇန်နဝါရီ ၂၀၂၄
စစ်ကိုင်းတိုင်းထဲမှာ စစ်ကြောင်းထိုး သတ်ဖြတ်မှုတွေ ပြန်ဖြစ်,၂၂ ဇန်နဝါရီ ၂၀၂၄
အယိုးဒယမှာ ဟိန္ဒူ ဘုရားကျောင်းသစ်ဖွင့်,၂၂ ဇန်နဝါရီ ၂၀၂၄
အစ္စရေးက တင့်ကားတွေနဲ့ ဆေးရုံကို တိုက်တယ်လို့ ပါလက်စတိုင်းပြော - ဇန်ဝါရီ ၂၂ ရက် နိုင်ငံတကာသတင်းများ,၂၂ ဇန်နဝါရီ ၂၀၂၄
စိန့်ပီတာစ်ဘာ့ဂ် ဓာတ်ငွေ့စက်ရုံ ပေါက်ကွဲမှု ယူကရိန်းလက်ချက်လို့ဆို-ဇန်နဝါရီလ ၂၁ ရက်ညပိုင်းသတင်းများ,၂၁ ဇန်နဝါရီ ၂၀၂၄
ဇန်နဝါရီလ ၂၁ ရက်ထိပ်တန်းသတင်းများ - မဘိမ်းမြို့ကိုသိမ်းပိုက်နိုင်ပြီလို့ကျောင်းသားတပ်ပြော,၂၁ ဇန်နဝါရီ ၂၀၂၄
အယိုးဒယ - အငြင်းပွား ဘာသာရေးအထွတ်အမြတ်မြို့ကို ‘ဟိန္ဒူ ဗာတီကန်’ အဖြစ်ပြောင်းလဲခြင်း,၂၁ ဇန်နဝါရီ ၂၀၂၄
အီရန်လုံခြုံရေးအကြံပေးတွေရှိတဲ့ ဆီးရီးယားက လူနေအိမ် တိုက်ခိုက်ခံရ -ဇန်နဝါရီ  ၂၀ ရက်ညပိုင်းသတင်းများ,၂၀ ဇန်နဝါရီ ၂၀၂၄
လပေါ်ဆင်းတဲ့ ဂျပန်စက်ရုပ် ဘယ်လိုပြဿနာတက်နေလဲ,၂၀ ဇန်နဝါရီ ၂၀၂၄
ဂါဇာက အလုံးစုံ ပျက်သုဉ်းနိုင်တဲ့ အခြေအနေ,၁၉ ဇန်နဝါရီ ၂၀၂၄
ပါလက်စတိုင်း နိုင်ငံကန့်ကွက်တဲ့ နေတန်ညာဟုကို အမေရိကန် ဝေဖန် - ဇန်နဝါရီ ၁၉ နိုင်ငံတကာ သတင်းများ,၁၉ ဇန်နဝါရီ ၂၀၂၄
မြန်မာစစ်တပ်ကို အားပေးကူညီနေတယ်လို့ အိန္ဒိယဝေဖန်ခံရ,၁၉ ဇန်နဝါရီ ၂၀၂၄
ဇန်နဝါရီ ၁၉ ရက် ထိပ်တန်းသတင်းများ - စစ်ဘေးရှောင် ၇ သိန်းခွဲကျော်ရှိလာတယ်လို့ KNU ပြော,၁၉ ဇန်နဝါရီ ၂၀၂၄
ရေအောက်နျူကလီးယားလက်နက်စမ်းသပ်ခဲ့တယ်လို့ မြောက်ကိုရီးယားနိုင်ငံပိုင်မီဒီယာဖော်ပြ,၁၉ ဇန်နဝါရီ ၂၀၂၄
မြောက်ကိုရီးယား - ကင်ဂျုံအွန်းနေရာ ဆက်ခံဖို့ 'အဖြစ်နိုင်ဆုံး' သမီးငယ်,၁၈ ဇန်နဝါရီ ၂၀၂၄
အီရန်ကို ပါကစ္စတန် တုံ့ပြန်ပစ်ခတ်- ဇန်နဝါရီ ၁၈ နိုင်ငံတကာ သတင်းများ,၁၈ ဇန်နဝါရီ ၂၀၂၄
အီရန်က အီရတ်နဲ့ ဆီးရီးယားကို ဒုံးကျည်တွေနဲ့ပစ်ခတ်မှု ဘယ်လိုသဘောဆောင်လဲ,၁၈ ဇန်နဝါရီ ၂၀၂၄
ဇန်နဝါရီ ၁၈ ရက်ထိပ်တန်းသတင်းများ - စစ်ကောင်စီနိုင်ငံခြားရေးဝန်ကြီးသားမက် လာအိုသံအမတ်ဖြစ်လာ,၁၈ ဇန်နဝါရီ ၂၀၂၄
ကျောက်တော်မြို့နဲ့ အနီးဝန်းကျင်ကို ရက္ခိုင့်တပ်တော် ထိန်းချုပ်,၁၇ ဇန်နဝါရီ ၂၀၂၄
လေးဂို့စ်မြို့ ယာဉ်ကြောပိတ်ဆို့မှုနဲ့ ကျန်းမာရေး,၁၇ ဇန်နဝါရီ ၂၀၂၄
ရှမ်းပြည်မြောက်ပိုင်း ဒေသခံတွေရဲ့ စားဝတ်နေရေး,၁၇ ဇန်နဝါရီ ၂၀၂၄
တရုတ်လူဦးရေ  ၂ သန်းကျော်လျော့ - ဒီဇင်ဘာ ၁၇ နိုင်ငံတကာ သတင်းများ,၁၇ ဇန်နဝါရီ ၂၀၂၄
ဇန်နဝါရီ ၁၇ ရက်ထိပ်တန်းသတင်းများ - နမ့်ဖတ်ကာမှာ ပျက်ကျတဲ့ လေယာဥ်မှူးနှစ်ဦးသေဆုံး,၁၇ ဇန်နဝါရီ ၂၀၂၄
ဘေးလွယ်အိတ် တုပထုတ်တယ်ဆိုပြီး ရှီအင်းကို ယူနစ်ကလို တရားစွဲ,၁၇ ဇန်နဝါရီ ၂၀၂၄
ကောကပ်စ်စနစ် မဲရွေးပွဲဆိုတာ ဘာလဲ။ အမေရိကန်မှာ အိုင်အိုဝါရွေးကောက်ပွဲက ဘာကြောင့် အရေးပါတာလဲ။,၁၆ ဇန်နဝါရီ ၂၀၂၄
တရုတ်က လူငယ်အလုပ်လက်မဲ့ ပြဿနာ,၁၆ ဇန်နဝါရီ ၂၀၂၄
ယီမင်ကမ်းလွန်မှာ သင်္ဘော ဒုံးကျည်ထိ- ဇန်နဝါရီ ၁၆ နိုင်ငံတကာ သတင်းများ,၁၆ ဇန်နဝါရီ ၂၀၂၄
ပလက်ဝကို ရက္ခိုင့်တပ်တော် သိမ်းပိုက်,၁၅ ဇန်နဝါရီ ၂၀၂၄
အိန္ဒိယက ခေတ်ပေါ် စိုက်ပျိုးရေး,၁၅ ဇန်နဝါရီ ၂၀၂၄
ထိုင်ဝမ်ကို နော်ရူးသံအဆက်ဖြတ်-ဇန်နဝါရီ ၁၅ နိုင်ငံတကာသတင်းများ,၁၅ ဇန်နဝါရီ ၂၀၂၄
ဂျပန်က မွတ်ဆလင်များ - သေဆုံးသူကိုမြှုပ်နှံရေးနေရာရှာဖို့ခက်နေသူတွေ,၁၅ ဇန်နဝါရီ ၂၀၂၄
ဒိန်းမတ်ဘုရင်မကြီး တရားဝင် ထီးနန်းစွန့် - ဇန်နဝါရီလ ၁၄ ရက်ညပိုင်းသတင်းများ,၁၄ ဇန်နဝါရီ ၂၀၂၄
မလေးရှားက မြန်မာဖျော်ဖြေပွဲမှာ တေးသံရှင်အေမီစျာန်နဲ့ မော်ဒယ်ဖူးပွင့်ခိုင်တို့ ထိန်းသိမ်းခံရ,၁၄ ဇန်နဝါရီ ၂၀၂၄
ထိုင်ဝမ်သမ္မတရွေးကောက်ပွဲ DPP ပါတီသမ္မတလောင်း အနိုင်ရ-ဇန်နဝါရီလ ၁၃ ရက်ညပိုင်းသတင်းများ,၁၃ ဇန်နဝါရီ ၂၀၂၄
ဒေါ်နယ်ထရမ့် နယူးယောက်တိုင်းမ်ကို တရားရုံးစရိတ် ဒေါ်လာ လေးသိန်းနီးပါး ပေးရမယ်,၁၃ ဇန်နဝါရီ ၂၀၂၄
ဇန်နဝါရီ ၁၃ ရက် ထိပ်တန်းသတင်းများ - ကျောက်မဲမှာ စစ်တပ်နဲ့ TNLA တို့ တိုက်ပွဲပြင်းထန်,၁၃ ဇန်နဝါရီ ၂၀၂၄
ထိုင်ဝမ်ရွေးကောက်ပွဲ - အမေရိကန်ရဲ့ စွက်ဖက်နေတဲ့စကားတွေကို တရုတ်ရှုတ်ချ,၁၃ ဇန်နဝါရီ ၂၀၂၄
မြောက်ပိုင်း ၃ ဖွဲ့ နဲ့ စစ်ကောင်စီ အပစ်ရပ်,၁၂ ဇန်နဝါရီ ၂၀၂၄
လုပ်ငန်းခွင်မှာ အပြောင်းအလဲတွေ လုပ်နေတဲ့ ဂျပန်,၁၂ ဇန်နဝါရီ ၂၀၂၄
တရုတ်ဖိအားနဲ့ ယာယီအပစ်ရပ်ဘယ်လောက်ခိုင်မာမှုရှိလဲ,၁၂ ဇန်နဝါရီ ၂၀၂၄
ဟူသီ စစ်ရေးပစ်မှတ်တွေကို အမေရိကန်နဲ့ ဗြိတိန်တို့ ညလုံးပေါက် တိုက်ခိုက် - ဇန်နဝါရီ ၁၂ ရက် နိုင်ငံတကာ ထိပ်တန်းသတင်း,၁၂ ဇန်နဝါရီ ၂၀၂၄
၂၀၂၄ ထိုင်ဝမ်ရွေးကောက်ပွဲ - အနိုင်ရသူက ကမ္ဘာကြီးအတွက် ဘယ်လောက်အရေးကြီးလဲ,၁၂ ဇန်နဝါရီ ၂၀၂၄
အစ္စရေးကို ဂျီနိုဆိုက်မှုနဲ့ တောင်အာဖရိက တရားစွဲတဲ့ အမှု ICJ မှာ စတင် ကြားနာ - ဇန်နဝါရီ ၁၁ ရက် နိုင်ငံတကာ ထိပ်တန်း သတင်းများ,၁၁ ဇန်နဝါရီ ၂၀၂၄
ဇန်နဝါရီ ၁၁ ရက် ထိပ်တန်းသတင်းများ - ကျောက်တော် အပေါက်ဝရွာမှာ တိုက်ပွဲပြင်းထန်နေ ၊ ပေါက်တောက တောင်ဖူးရွာ မီးရှို့ခံရ,၁၁ ဇန်နဝါရီ ၂၀၂၄
ပါလက်စတိုင်းနိုင်ငံ ထူထောင်ရေး ဝန်ကြီးဘလင်ကင် ဘာပြောလဲ - ဇန်နဝါရီ ၁၀ ရက်နိုင်ငံတကာ ထိပ်တန်းသတင်း,၁၁ ဇန်နဝါရီ ၂၀၂၄
ထိုင်ဝမ်မှာ အရေးပါတဲ့ သမ္မတ ရွေးကောက်ပွဲအတွက် ပြင်ဆင်နေ,၁၀ ဇန်နဝါရီ ၂၀၂၄
ယူကေရဲ့ အကောင်းဆုံး ဘဲလေးကျောင်းကို ဝင်ခွင့်ရသူ နိုင်ဂျီးရီးယားလူငယ်လေး,၁၀ ဇန်နဝါရီ ၂၀၂၄
ဇန်နဝါရီ ၁၀ ရက် ထိပ်တန်းသတင်းများ - ကျောက်တံခါး ရထားလမ်းပိုင်း ကင်းစောင့်ဖို့ စစ်တပ်က ဖိအားပေး,၁၀ ဇန်နဝါရီ ၂၀၂၄
ရုပ်သံလိုင်းတိုက်ခိုက်ခံရမှုအပြီးမှာ လူဆိုးဂိုဏ်းတွေကို နှိမ်နင်းမယ်လို့ အီကွေဒေါပြော,၁၀ ဇန်နဝါရီ ၂၀၂၄
သင်းအုပ်ဆရာရဲ့ မတရားပြုကျင့်မှုများ ဘီဘီစီ ဖော်ထုတ်,၉ ဇန်နဝါရီ ၂၀၂၄
စစ်ကိုင်းတိုင်းက ဒေသကာကွယ်ရေးထိန်းချုပ် မြို့တွေ စစ်ကြောင်းထိုးခံရ,၉ ဇန်နဝါရီ ၂၀၂၄
တောင်ကိုရီးယားမှာ ခွေးကို အသားအဖြစ်မွေးမြူ၊ ရောင်းချ၊ သတ်ဖြတ်တာကို ပိတ်ပင် - ဇန်နဝါရီ ၉ ရက် နိုင်ငံတကာသတင်းများ,၉ ဇန်နဝါရီ ၂၀၂၄
အမေရိကန်ရေတပ်သား  တရုတ်အတွက် သူလျှိုလုပ်မှုနဲ့ ထောင်ဒဏ်ချမှတ်ခံရ,၉ ဇန်နဝါရီ ၂၀၂၄
ဇန်နဝါရီ ၉ ရက် ထိပ်တန်းသတင်းများ - နမ့်ဆန်က မြို့သစ်ရွာမှာ ဗုံးကြဲခံရလို့ အရပ်သား ၅ ဦးသေဆုံး,၉ ဇန်နဝါရီ ၂၀၂၄
မလေးရှားမှာ မြန်မာအလုပ်သမားတွေ ဖမ်းဆီးခံရ,၈ ဇန်နဝါရီ ၂၀၂၄
သိန္နီနဲ့ ကွတ်ခိုင်ကို မဟာမိတ်အဖွဲ့တွေ ထိန်းချုပ်,၈ ဇန်နဝါရီ ၂၀၂၄
ဂါဇာမှာ အရပ်သား သေဆုံးမှု များပြား,၈ ဇန်နဝါရီ ၂၀၂၄
အမေရိကန်ရဲ့ တကျော့ပြန် လသွားခရီးစဥ်  - ဇန်နဝါရီ ၈ ရက် ထိပ်တန်း နိုင်ငံတကာ သတင်းများ,၈ ဇန်နဝါရီ ၂၀၂၄
ဘင်္ဂလားဒေ့ရှ်ဝန်ကြီးချုပ် ရှိတ်ဟာစီနာ ဝန်ကြီးချုပ်သက်တမ်း ၄ ကြိမ်မြောက်အတွက် မဲနိုင်,၈ ဇန်နဝါရီ ၂၀၂၄
၂၀၂၄ ရွှေကမ္ဘာလုံးဆု - အိုပန်ဟိုင်မာ ရုပ်ရှင် ဆုအများဆုံးဆွတ်ခူး,၈ ဇန်နဝါရီ ၂၀၂၄
အယ်လ်ဂျားဇီးယား သတင်းထောက် ဂါဇာမှာ သတ်ဖြတ်ခံရ- ဇန်နဝါရီ ၇ ရက် နိုင်ငံတကာ သတင်းများ,၇ ဇန်နဝါရီ ၂၀၂၄
အမေရိကန်ကာကွယ်ရေးဝန်ကြီး ဆေးရုံတက်မှု သမ္မတဘိုင်ဒန် ရက်နဲ့ချီကြာအောင် မသိခဲ့ရ,၇ ဇန်နဝါရီ ၂၀၂၄
ကင်ဂျုံအွန်း - မြောက်ကိုရီးယားခေါင်းဆောင်အကြောင်း မသိကြသေးတဲ့ ၅ ချက်,၇ ဇန်နဝါရီ ၂၀၂၄
ဘင်္ဂလားဒေ့ရှ် ရွေးကောက်ပွဲအကြို မီးရှို့ဆူပူ- ဇန်နဝါရီ ၆ ရက် နိုင်ငံတကာ သတင်းများ,၆ ဇန်နဝါရီ ၂၀၂၄
ဇန်နဝါရီ ၆ ရက် ထိပ်တန်းသတင်းများ - လောက်ကိုင်မှာ လက်နက်ချတဲ့ ဗိုလ်မှူးချုပ် ၆ ယောက် လားရှိုးပြန်ရောက်,၆ ဇန်နဝါရီ ၂၀၂၄
တရုတ်သံအဖွဲ့ဘာကြောင့်နေပြည်တော်ရောက်လာသလဲ,၅ ဇန်နဝါရီ ၂၀၂၄
လောက်ကိုင် ဒကစကို MNDAA သိမ်းပိုက်,၅ ဇန်နဝါရီ ၂၀၂၄
ရုရှားကျူးကျော်စစ်အတွင်း သေဆုံးခဲ့ရတဲ့ ယူကရိန်း မိန်းကလေး ၂ ဦး,၅ ဇန်နဝါရီ ၂၀၂၄
ချစ်သူကို သတ်ဖြတ်မှုနဲ့ ထောင်ကျနေတဲ့ အော်စကာ ပစ်စ်တိုးရီယပ်စ် ပြန်လွတ်မြောက် - ဇန်နဝါရီလ ၅ ရက် နိုင်ငံတကာသတင်းများ,၅ ဇန်နဝါရီ ၂၀၂၄
ဂျပန်ငလျင်မှာ လူ ၂၅၀ နီးပါး‌ပျောက်ဆုံးနေဆဲ,၅ ဇန်နဝါရီ ၂၀၂၄
ဇန်နဝါရီ ၅ ရက် ထိပ်တန်းသတင်းများ - မိုးမိတ် စင့်ကင်ရွာ ကျန်ကန်တပ်စခန်းကို TNLA သိမ်းပိုက်,၅ ဇန်နဝါရီ ၂၀၂၄
အမေဇုံမှာ မိုးခေါင်ရေရှား,၄ ဇန်နဝါရီ ၂၀၂၄
ကညွတ်ကွင်းအနီးက စစ်ကင်းစခန်းတွေ တိုက်ခိုက်ခံရ,၄ ဇန်နဝါရီ ၂၀၂၄
လွတ်လပ်ရေးနေ့မှာ အကျဉ်းသား ၉ထောင်ကျော်လွတ်,၄ ဇန်နဝါရီ ၂၀၂၄
ဗုံးခွဲခံရလို့ လူတွေသေဆုံးခဲ့ရတဲ့ အီရန်မှာ အောက်မေ့သတိရနေ့ သတ်မှတ်- ဇန်နဝါရီလ  ၄ ရက် နိုင်ငံတကာသတင်းများ,၄ ဇန်နဝါရီ ၂၀၂၄
ဇန်နဝါရီ ၄ ရက် ထိပ်တန်းသတင်းများ - ခင်ဦးမှာ အရပ်သား ၃၀ နီးပါး ဖမ်းဆီးခံထားရ,၄ ဇန်နဝါရီ ၂၀၂၄
လောက်ကိုင်တိုက်ပွဲကြောင့် တရုတ်ဘက်ခြမ်းကိုလက်နက်ကြီးကျ,၄ ဇန်နဝါရီ ၂၀၂၄
ရှမ်းပြည် အထူးဒေသ ၁ ကို  ပြန်ထူထောင်မယ်လို့ MNDAA ပြော,၃ ဇန်နဝါရီ ၂၀၂၄
ထီးချိုင့်မြို့ ဘယ်လို အရေးပါသလဲ,၃ ဇန်နဝါရီ ၂၀၂၄
ဂျပန်မှာ ငလျင်ကယ်ဆယ်ရေးတွေ အပူတပြင်းဆောင်ရွက်,၃ ဇန်နဝါရီ ၂၀၂၄
ဇန်နဝါရီ ၃ ရက်ထိပ်တန်းသတင်းများ - ကျောက်တော်မှာ လေကြောင်းပစ်ခတ်လို့  အရပ်သား ၂ ဦးသေဆုံး,၃ ဇန်နဝါရီ ၂၀၂၄
အီရန်ဗိုလ်ချုပ် အုတ်ဂူနားမှာ ဗုံးခွဲတိုက်ခိုက်လို့ လူ ၇၀ ကျော်သေဆုံး - ဇန်နဝါရီ ၃ ရက် နိုင်ငံတကာသတင်းများ,၃ ဇန်နဝါရီ ၂၀၂၄
ရနောင်း လဝက ထိန်းသိမ်းရေးစခန်းထဲက မြန်မာရာချီဆန္ဒပြမှု ဘာဆက်ဖြစ်နေလဲ,၃ ဇန်နဝါရီ ၂၀၂၄
ဘေရွတ်မြို့ ပေါက်ကွဲမှုမှာ ဟားမတ်စ်အဖွဲ့ ဒုတိယခေါင်းဆောင်သေဆုံး,၃ ဇန်နဝါရီ ၂၀၂၄
ဟူသီဆိုတာ ဘယ်သူတွေလဲ၊ ပင်လယ်နီမှာ သင်္ဘောတွေကို ဘာကြောင့်ပစ်ခတ်တာလဲ,၃ ဇန်နဝါရီ ၂၀၂၄
ဂျပန်မှာ ငလျင်ကြီးလှုပ်ပြီးနောက် လေယာဉ်ချင်းတိုက်မိ,၂ ဇန်နဝါရီ ၂၀၂၄
ဂျပန်လေဆိပ်က လေယာဥ်တိုက်မှု ၅ ဦး သေဆုံး-  ဇန်နဝါရီလ  ၂ ရက် နိုင်ငံတကာသတင်းများ,၂ ဇန်နဝါရီ ၂၀၂၄
ဇန်နဝါရီ ၂ ရက် ထိပ်တန်းသတင်းများ - မတ္တရာမှာ သက်ကြီးအမျိုးသမီး တစ်ဦးအပါအဝင် အရပ်သား ၆ ဦးသတ်ဖြတ်ခံရ,၂ ဇန်နဝါရီ ၂၀၂၄
တောင်ကိုရီးယားအတိုက်အခံခေါင်းဆောင် ဘူဆန်မှာ ဓားထိုးခံရ,၂ ဇန်နဝါရီ ၂၀၂၄
မြန်မာပြည်တောင်ပိုင်းက ကျားဖြန့်လုပ်ငန်းတွေကိုနှိမ်နင်းမယ့် စစ်ဆင်ရေးပေါ်လာနိုင်မလား,၂ ဇန်နဝါရီ ၂၀၂၄
၂၀၂၄ နဲ့ မြန်မာသမိုင်းတစ္ဆေ- ပထမ အင်္ဂလိပ်စစ်၊ ကရင်တော်လှန်ရေး၊ ဗုဒ္ဓသံဂါယနာနဲ့ ဆိုရှယ်လစ်နိုင်ငံဟောင်း,၁ ဇန်နဝါရီ ၂၀၂၄
နိုဘယ်လ်ဆုရှင် မိုဟာမက် ယူနွတ်စ် ထောင်ဒဏ်ချမှတ်ခံရ - ဇန်နဝါရီ ၁ ရက် နိုင်ငံတကာသတင်းများ,၁ ဇန်နဝါရီ ၂၀၂၄
ဂျပန်မှာ အင်အားပြင်း ငလျင်လှုပ်လို့ ဆူနာမီသတိပေးချက် ထုတ်ပြန်,၁ ဇန်နဝါရီ ၂၀၂၄
အေအေသိမ်းလိုက်တဲ့ စခန်းက မြန်မာစစ်သား ၁၅၀ ကျော် အိန္ဒိယထဲ ဝင်ပြေး - ဒီဇင်ဘာ ၃၁ ထိပ်တန်း နိုင်ငံတကာသတင်း,၃၁ ဒီဇင်ဘာ ၂၀၂၃
ဒီဇင်ဘာ ၃၁ ရက်ထိပ်တန်းသတင်းများ - မိုင်းငေါ့မြို့မှာ စစ်တပ်နဲ့ တအာင်းတပ် တိုက်ပွဲဖြစ်နေ,၃၁ ဒီဇင်ဘာ ၂၀၂၃
တရုတ်လွှတ်တော်ထဲက စစ်ဗိုလ်ချုပ်တွေဖယ်ရှားခံရ - ဒီဇင်ဘာ ၃၀ ရက် ထိပ်တန်း နိုင်ငံတကာသတင်း,၃၀ ဒီဇင်ဘာ ၂၀၂၃
ကျောက်ဖြူရေနက်ဆိပ်ကမ်း - စစ်ကောင်စီရဲ့ နောက်ဆက်တွဲစာချုပ် တရုတ်လိုလားတဲ့ပုံစံ   ပြန်ရောက်သွားမလား,၃၀ ဒီဇင်ဘာ ၂၀၂၃
အဆိုးဆုံး လေကြောင်းတိုက်ခိုက်မှုတွေကို ယူကရိန်း ကြုံနေရ - ဒီဇင်ဘာလ ၂၉ ရက် နိုင်ငံတကာ သတင်းများ,၂၉ ဒီဇင်ဘာ ၂၀၂၃
၂၀၂၄ ခုနှစ်မှာ ကမ္ဘာ့နိုင်ငံပေါင်း ၈၀ နီးပါးရွေးကောက်ပွဲ ကျင်းပဖို့ ရှိ,၂၉ ဒီဇင်ဘာ ၂၀၂၃
ဂါဇာ စစ်ပွဲ နောက်ဆုံး အခြေအနေ,၂၉ ဒီဇင်ဘာ ၂၀၂၃
လောက်ကိုင် တိုက်ပွဲ ပြင်းထန်၊ တရုတ်နိုင်ငံသားတွေ မသွားဖို့ သတိပေး,၂၉ ဒီဇင်ဘာ ၂၀၂၃
လေယာဥ်မှူးရဲ့ အမှားကြောင့် နီပေါလေယာဥ်ပျက်ကျခဲ့တယ်လို့ အစီရင်ခံစာထွက်လာ,၂၉ ဒီဇင်ဘာ ၂၀၂၃
ဒီဇင်ဘာ ၂၉ ရက် ထိပ်တန်းသတင်းများ - မုံရွာမှာ စစ်တပ်နဲ့ ပလဖတပ်တွေကြား တိုက်ပွဲဖြစ်ပြီး ဒေသခံ ၂ ဦးသေဆုံး,၂၉ ဒီဇင်ဘာ ၂၀၂၃
လောက်ကိုင်ကနေ ဘေးလွတ်ရာ ထွက်သွားကြဖို့ တရုတ်နိုင်ငံသားတွေကို တရုတ်အစိုးရ တိုက်တွန်း- ဒီဇင်ဘာ ၂၈ နိုင်ငံတကာ ထိပ်တန်းနိုင်ငံတကာသတင်းများ,၂၈ ဒီဇင်ဘာ ၂၀၂၃
ထိုင်ဝမ်ရွေးကောက်ပွဲ တရုတ် ဖိအားပေး,၂၈ ဒီဇင်ဘာ ၂၀၂၃
အမေရိကန်က ယူကရိန်းအတွက် လတ်တလော စစ်‌ရေးအကူအညီထပ်ပေး,၂၈ ဒီဇင်ဘာ ၂၀၂၃
ဒီဇင်ဘာ ၂၈ ရက် ထိပ်တန်းသတင်းများ - TNLA  နဲ့ စစ်တပ်တို့ တိုက်ပွဲပြင်းထန်နေတဲ့ နမ္မတူမှာ ဒေသခံ ရာနဲ့ချီ ပိတ်မိနေ,၂၈ ဒီဇင်ဘာ ၂၀၂၃
ခြင်္သေ့စစ်ကြောင်း KNU တပ်မဟာ ၆ နဲ့ ပူးပေါင်း,၂၇ ဒီဇင်ဘာ ၂၀၂၃
အတိတ်မှာ နေချင်တဲ့ စကော့တလန်သား,၂၇ ဒီဇင်ဘာ ၂၀၂၃
နတ်သံကွင်းမှာ မြို့သိမ်းတိုက်ပွဲတွေ ဆင်နွှဲ,၂၇ ဒီဇင်ဘာ ၂၀၂၃
ရုရှားအတွက် ကြေးစားတိုက်ပေးနေတဲ့ ဂေါ်ရခါးစစ်သား ရာနဲ့ချီ  ပျောက်ဆုံး- ဒီဇင်ဘာ ၂၇ ထိပ်တန်း နိုင်ငံတကာသတင်း,၂၇ ဒီဇင်ဘာ ၂၀၂၃
Parasite သရုပ်ဆောင် လီဆန်ဂျွန်းကို သေဆုံးလျက်တွေ့ရှိ,၂၇ ဒီဇင်ဘာ ၂၀၂၃
အာရေဗျပင်လယ်ထဲကို စစ်သင်္ဘော ၃ စီး အိန္ဒိယစေလွှတ် - ဒီဇင်ဘာ ၂၆ ရက် နိုင်ငံတကာသတင်းများ,၂၆ ဒီဇင်ဘာ ၂၀၂၃
ရလဒ်မထွက်တဲ့ဆွေးနွေးပွဲ - စစ်ကောင်စီနဲ့ ညီနောင် ၃ ဖွဲ့ကြား တိုက်ပွဲဆက်ပြင်းထန်,၂၆ ဒီဇင်ဘာ ၂၀၂၃
သီရိလင်္ကာ မူးယစ်‌ဆေးဝါးနှိမ်နင်းမှုမှာ လူထောင်ချီ အဖမ်းခံရ,၂၆ ဒီဇင်ဘာ ၂၀၂၃
ခရစ္စမတ်ပွဲလုပ်ပေမဲ့ ဆိုရှယ်လစ်နိုင်ငံဖြစ်ကြောင်းမမေ့ဖို့ တရုတ်သတိပေး - ဒီဇင်ဘာ ၂၅ ရက် နိုင်ငံတကာထိပ်တန်းသတင်းများ,၂၅ ဒီဇင်ဘာ ၂၀၂၃
ခရစ္စမတ်ပွဲကို ဒီဇင်ဘာ ၂၅ ရက်မှာပဲ ယူကရိန်းဆင်နွှဲပြီ,၂၅ ဒီဇင်ဘာ ၂၀၂၃
ခရစ်တော်မွေးဖွားရာမြို့မှာ ခရီးသွားကင်းမဲ့ - ဒီဇင်ဘာ ၂၄ ရက်ညနေခင်း နိုင်ငံတကာသတင်းများ,၂၄ ဒီဇင်ဘာ ၂၀၂၃
ပူတင်ကို စိန်ခေါ်နိုင်ခြေရှိတဲ့ စစ်ပွဲဆန့်ကျင်သူ သမ္မတလောင်းကို ရုရှားပိတ်ပင်,၂၄ ဒီဇင်ဘာ ၂၀၂၃
ချက်နိုင်ငံမှာ တနိုင်ငံလုံး တမိနစ်ငြိမ်သက် - ဒီဇင်ဘာလ ၂၃ ရက် နိုင်ငံတကာသတင်းများ,၂၄ ဒီဇင်ဘာ ၂၀၂၃
ဒေါ်နယ်ထရမ့်အမှု တရားလွှတ်တော်ချုပ် အချိန်တိုအတွင်း မဆုံးဖြတ်နိုင်,၂၃ ဒီဇင်ဘာ ၂၀၂၃
ဒီဇင်ဘာ ၂၃ ရက် ထိပ်တန်းသတင်းများ  - မန်တုံမြို့ကို TNLA ထိန်းချုပ်,၂၃ ဒီဇင်ဘာ ၂၀၂၃
မြောက်ပိုင်းမှာစစ်ရှိန်လျော့ရေး စစ်ကောင်စီအဖွဲ့ တရုတ်ရောက်နေ,၂၃ ဒီဇင်ဘာ ၂၀၂၃
ဂါဇာက အစ္စရေးစစ်တပ်ရဲ့ ဖမ်းဆီးခံရတဲ့ ပါလက်စတိုင်းတွေ,၂၂ ဒီဇင်ဘာ ၂၀၂၃
ဒုက္ခသည်စခန်းစီးနင်းစဉ် ဖမ်းထားတဲ့ ကျန်းမာရေးဝန်ထမ်းတွေကို အစ္စရေးတွေ ထိန်းသိမ်းထားဆဲ - ဒီဇင်ဘာ ၂၂ရက် ညနေခင်း နိုင်ငံတကာသတင်းများ,၂၂ ဒီဇင်ဘာ ၂၀၂၃
ဒီဇင်ဘာ ၂၂ ရက် ထိပ်တန်းသတင်းများ - အမျိုးသမီး ဗိုလ်လောင်းသင်တန်းဆင်းပွဲ စစ်ခေါင်းဆောင်သွားရောက်,၂၂ ဒီဇင်ဘာ ၂၀၂၃
ပရာ့ဂ်မြို့ က ချားလ်စ်တက္ကသိုလ်မှာ ပစ်ခတ်မှုဖြစ်လို့ လူဒါဇင်ကျော်သေဆုံး,၂၂ ဒီဇင်ဘာ ၂၀၂၃
ပါကစ္စတန်မှာ အမျိုးသမီး ဆန္ဒပြသူ ၂၀၀ ကို ဖမ်းဆီး - ဒီဇင်ဘာ ၂၁ ရက် ညနေခင်း နိုင်ငံတကာ သတင်းများ,၂၁ ဒီဇင်ဘာ ၂၀၂၃
ဟားမတ်စ်အဖွဲ့ ဘဏ္ဍာရေးထောက်ပံ့မှု ဘယ်လို ရလဲ,၂၁ ဒီဇင်ဘာ ၂၀၂၃
အစ္စရေး မှားသတ်မိတဲ့ ဓားစာခံတွေနဲ့ အတူထိန်းသိမ်းခံခဲ့ရသူ ထိုင်းဓားစာခံရဲ့ အတွေ့အကြုံ,၂၀ ဒီဇင်ဘာ ၂၀၂၃
လူသေဆုံးမှုရှိလာတဲ့ကိုဗစ်ကို မထိတ်လန့်ဖို့ အိန္ဒိယပြော - ဒီဇင်ဘာ ၂၀ ရက်ညပိုင်း နိုင်ငံတကာသတင်းများ,၂၀ ဒီဇင်ဘာ ၂၀၂၃
ဒီဇင်ဘာ ၂၀ ရက် ထိပ်တန်းသတင်းများ - မူဆယ်မြို့က စစ်ကောင်စီဝန်ထမ်းတွေ တရုတ်ဘက်ပြောင်းရွှေ့နေကြ,၂၀ ဒီဇင်ဘာ ၂၀၂၃
ပင်လယ်နီ ဒေသကာကွယ်ရေး ၁၀ နိုင်ငံစုပေါင်းအဖွဲ့,၁၉ ဒီဇင်ဘာ ၂၀၂၃
အစ္စရေး လေကြောင်းတိုက်ခိုက်မှုကြောင့် ဂါဇာတောင်နဲ့မြောက်မှာ အရပ်သား အများအပြား သေဆုံး - ဒီဇင်ဘာ ၁၉ရက် ညနေခင်း နိုင်ငံတကာသတင်းများ,၁၉ ဒီဇင်ဘာ ၂၀၂၃
လောက်ကိုင်မှာ MNDAA က အုပ်ချုပ်ရေးဘယ်လိုထူထောင်နေလဲ,၁၉ ဒီဇင်ဘာ ၂၀၂၃
ဂါဇာထဲမှာ ဖရိုဖရဲ အခြေအနေ ဖြစ်ပေါ်,၁၈ ဒီဇင်ဘာ ၂၀၂၃
ဆာနေတဲ့ ကလေးတွေကို အိပ်ဆေးပေး ထိန်းနေရတဲ့ အာဖဂန်နစ္စတန်,၁၈ ဒီဇင်ဘာ ၂၀၂၃
ဂျဘလီယာ ဒုက္ခသည်စခန်းပေါ် အစ္စရေး လေကြောင်းတိုက်ခိုက်မှုကြောင့် လူ ၁၁၀ သေဆုံး - ဒီဇင်ဘာ ၁၈ ရက် ညနေခင်း နိုင်ငံတကာသတင်းများ,၁၈ ဒီဇင်ဘာ ၂၀၂၃
အာဆီယံ - ဂျပန်ဆက်ဆံရေး နှစ် ၅၀ ပြည့်မှာ မြန်မာ့အရေး ဘာပြောခဲ့ကြလဲ,၁၈ ဒီဇင်ဘာ ၂၀၂၃
ဒီဇင်ဘာ ၁၈ ရက်ထိပ်တန်းသတင်းများ - ထိုင်း-မြန်မာနယ်စပ် ကရင်ပြည်နယ်ထဲက စစ်ကောင်စီတပ်စခန်း သိမ်းပိုက်ခံရ,၁၈ ဒီဇင်ဘာ ၂၀၂၃
ပုပ်ရဟန်းမင်းကြီးအကြံပေးဟောင်း ရဟန်းအမတ် ငွေကြေးရာဇဝတ်မှုတွေနဲ့ ထောင်ဒဏ်ချမှတ်ခံရ,၁၇ ဒီဇင်ဘာ ၂၀၂၃
ဂါဇာအပစ်ရပ်မှု ရေရှည်တည်တံ့မှ ထောက်ခံမယ်လို့ ဗြိတိန်နဲ့ ဂျာမနီပြော - ဒီဇင်ဘာ ၁၇ ရက်ညပိုင်းသတင်းများ,၁၇ ဒီဇင်ဘာ ၂၀၂၃
ဓားစာခံတွေသေဆုံးခဲ့ရတဲ့ မှားယွင်းတိုက်ခိုက်မှု အစ္စရေးစစ်တပ် စစုံစမ်းစစ်ဆေး - ဒီဇင်ဘာလ ၁၆ ရက် ညပိုင်းသတင်းများ,၁၆ ဒီဇင်ဘာ ၂၀၂၃
ထောင့်သန်းနာရောဂါဆိုတာ ဘာလဲ၊ အသက် သေစေနိုင်လား,၁၆ ဒီဇင်ဘာ ၂၀၂၃
ထောက်ပံ့မှု နည်းလို့ ယူကရိန်း ရှေ့တန်းမှာ အခက်ကြုံ,၁၅ ဒီဇင်ဘာ ၂၀၂၃
ယူကရိန်း အီးယူအကူ ဟန်ဂေရီပယ်ချ - ဒီဇင်ဘာ ၁၅ ညပိုင်း နိုင်ငံတကာသတင်းများ,၁၅ ဒီဇင်ဘာ ၂၀၂၃
ခြောက်နှစ်ကြာပျောက်ဆုံးနေတဲ့ ဗြိတိန်ဆယ်ကျော်သက် ပြင်သစ်မှာ ပြန်တွေ့,၁၅ ဒီဇင်ဘာ ၂၀၂၃
ဒီဇင်ဘာ ၁၅ ရက် ထိပ်တန်းသတင်းများ - မူဆယ် ၁၀၅ မိုင်အနီးက ဗျူဟာကုန်းမှာ တိုက်ပွဲပြင်းထန်,၁၅ ဒီဇင်ဘာ ၂၀၂၃
ဟားမတ်စ်ချေမှုန်းရေး တိုက်ခိုက်မှုတွေ ဆက်လုပ်မယ်လို့ အစ္စရေး ဝန်ကြီးချုပ်ကပြော,၁၄ ဒီဇင်ဘာ ၂၀၂၃
စစ်ဆက်တိုက်မယ့် ပူတင် သတင်းစာရှင်းပွဲ - ဒီဇင်ဘာ ၁၄ ညပိုင်း နိုင်ငံတကာ သတင်းများ,၁၄ ဒီဇင်ဘာ ၂၀၂၃
အဂတိအရှုပ်တော်ပုံကြောင့် ဂျပန်ဝန်ကြီး ၄ ဦး နုတ်ထွက်,၁၄ ဒီဇင်ဘာ ၂၀၂၃
ဒီဇင်ဘာ ၁၄ ရက် ထိပ်တန်းသတင်းများ - ထိုင်းရောက်မြန်မာတွေ ဝင်ငွေခွန် ၂ ရာခိုင်နှုန်း ပေးဆောင်ရမယ်လို့ မြန်မာသံရုံးထုတ်ပြန်,၁၄ ဒီဇင်ဘာ ၂၀၂၃
ရုပ်ကြွင်းလောင်စာနဲ့ COP28 ရာသီဥတု ဆွေးနွေးပွဲ - ဒီဇင်ဘာ ၁၃ ညပိုင်း နိုင်ငံတကာ သတင်းများ,၁၃ ဒီဇင်ဘာ ၂၀၂၃
ဘုရင်စနစ်ကို အသရေညှိုးစေတဲ့ပို့စ်တွေကြောင့် ထိုင်းအမတ် ထောင် ၆ နှစ်ချမှတ်ခံရ,၁၃ ဒီဇင်ဘာ ၂၀၂၃
ဂါဇာမှာ တိုက်ပွဲတွေ ဆက်လက် ပြင်းထန်နေပြီး အစ္စရေးအပေါ် နိုင်ငံတကာ ဖိအား တိုးလာ,၁၂ ဒီဇင်ဘာ ၂၀၂၃
စစ်တပ်နဲ့ မြောက်ပိုင်းသုံးဖွဲ့ ဘာတွေဆွေးနွေးခဲ့လဲ,၁၂ ဒီဇင်ဘာ ၂၀၂၃
အချစ်-အမုန်းဆက်ဆံရေးကို အသက်ပြန်သွင်းမယ့် တရုတ်သမ္မတရှီရဲ့ ဗီယက်နမ်ခရီး,၁၂ ဒီဇင်ဘာ ၂၀၂၃
ပါလက်စတိုင်း နယ်မြေတွေမှာ အခွင့်အရေး ချိုးဖောက်ခံနေရ,၁၁ ဒီဇင်ဘာ ၂၀၂၃
ရှမ်းမြောက် အရေး စကားဝိုင်း လုပ်ခဲ့တယ်လို့ တရုတ်ပြောလာ,၁၁ ဒီဇင်ဘာ ၂၀၂၃
ကက်ရှ်မီးယား အထူးအဆင့်အတန်းပေးတာကို ပယ်ဖျက်- ဒီဇင်ဘာ ၁၁ ညချမ်း နိုင်ငံတကာ သတင်းများ,၁၁ ဒီဇင်ဘာ ၂၀၂၃
ဂါဇာမှာ အပစ်ရပ်ရေး ဖြစ်နိုင်ခြေနည်းလာနေတယ်လို့ ကာတာပြော,၁၁ ဒီဇင်ဘာ ၂၀၂၃
TNLA ထိန်းချုပ်ထားတဲ့ နမ့်ခမ်းမြို့ စစ်ရေးဘာဆက်ဖြစ်နေလဲ,၁၀ ဒီဇင်ဘာ ၂၀၂၃
မြန်မာပြည်သို့ မိုင်ငါးထောင်၊ ဗြိတိသျှပြတိုက်က မြန်မာပြပွဲ,၁၀ ဒီဇင်ဘာ ၂၀၂၃
ဒီဇင်ဘာ ၉ ရက် စနေညနေခင်း သတင်းများ - ဂါဇာမှာ ချက်ချင်းအပစ်ရပ်ဖို့ မဲခွဲ၊ အမေရိကန်တနိုင်ငံထဲက ကန့်ကွက်,၉ ဒီဇင်ဘာ ၂၀၂၃
တရုတ်ကြက်သွန်ဖြူ နဲ့ အမေရိကန်အမျိုးသားလုံခြုံရေးအန္တရာယ်ဘယ်လိုပတ်သက်သွားသလဲ,၉ ဒီဇင်ဘာ ၂၀၂၃
အပစ်ရပ်ဖို့ ကုလ အရေးပေါ် ပန်ကြားအပြီး ဂါဇာကအခြေအနေ,၈ ဒီဇင်ဘာ ၂၀၂၃
စောချစ်သူအပါအဝင် ရွှေကုက္ကိုနဲ့ ပတ်သက်သူ ၃ ယောက်ကို ယူကေ အရေးယူပိတ်ဆို့,၈ ဒီဇင်ဘာ ၂၀၂၃
ကာတာ မှာ ‌သေဒဏ်ချခံထားရတဲ့ ‌အိန္ဒိယရေတပ်အရာရှိဟောင်း ၈ ဦးကို သံအမတ်က ကြိုးတိုက်မှာ‌သွားတွေ့,၈ ဒီဇင်ဘာ ၂၀၂၃
ဂါဇာ လူသားချင်း စာနာမှုဆိုင်ရာ အကျပ်အတည်း,၇ ဒီဇင်ဘာ ၂၀၂၃
ဆိုင်ကလုန်းမုန်တိုင်း မိကျောင်းကြောင့် အိန္ဒိယမြို့ကြီး ရေလွှမ်းနေဆဲ,၇ ဒီဇင်ဘာ ၂၀၂၃
ပုန်းနေတဲ့ ဟားမတ်စ်ခေါင်းဆောင် အိမ် ဝန်းကျင်ကို အစ္စရေးတပ်တွေ ဝိုင်းထား - ဒီဇင်ဘာ ၇ ရက် ထိပ်တန်း နိုင်ငံတကာ သတင်းများ,၇ ဒီဇင်ဘာ ၂၀၂၃
BTS က သူတို့ပရိသတ်တွေကို ဘာကြောင့် စစ်စခန်း မလာခိုင်းသလဲ,၇ ဒီဇင်ဘာ ၂၀၂၃
ဒီဇင်ဘာ ၇ ရက် ထိပ်တန်းသတင်းများ - နမ့်ခမ်းမှာ စစ်တပ်နဲ့ TNLA တို့ တိုက်ပွဲပြင်းထန်နေ,၇ ဒီဇင်ဘာ ၂၀၂၃
အစ္စရေး အမျိုးသမီးတွေကို ဟားမက်စ်တွေရဲ့ အဓမ္မပြုကျင့်မှုတွေ,၆ ဒီဇင်ဘာ ၂၀၂၃
ဂါဇာတောင်ပိုင်းဆေးရုံတွေမှာ လူနာတွေ စုပုံနေ - ဒီဇင်ဘာ ၆ ရက် နိုင်ငံတကာ ထိပ်တန်းသတင်းများ,၆ ဒီဇင်ဘာ ၂၀၂၃
အစ္စရေးကို အောက်တိုဘာ ၇ ရက်တိုက်ခိုက်မှုအတွက် တပ်ဖွဲ့ကို ဟားမတ်စ် ဘယ်လိုတည်ဆောက်ခဲ့လဲ,၆ ဒီဇင်ဘာ ၂၀၂၃
ဒီဇင်ဘာ ၆ ရက် ထိပ်တန်းသတင်းများ - ဗဟိုဘဏ်ရဲ့  နိုင်ငံခြားငွေ လွတ်လပ်စွာရောင်းချခွင့် ဘာသဘောဆောင်လဲ,၆ ဒီဇင်ဘာ ၂၀၂၃
Blackpink အဖွဲ့ စာချုပ်သစ်ထပ်ချုပ်လိုက်ပြီ,၆ ဒီဇင်ဘာ ၂၀၂၃
အနောက်ဘက်ကမ်းမှာ အစ္စရေး လက်နက်ကိုင်အရပ်သားတွေက ပါလက်စတိုင်းတွေကို တိုက်ခိုက်,၅ ဒီဇင်ဘာ ၂၀၂၃
မုန်းမှာ တိုက်ပွဲပြင်းထန်ပြီး ဒေသခံတချို့ ပိတ်မိနေ,၅ ဒီဇင်ဘာ ၂၀၂၃
နိုင်ဂျီးရီးယားစစ်တပ် ဒရုန်းနဲ့ မှားတိုက်ခိုက်လို့ အရပ်သား ၈၅ ယောက် သေဆုံး - ဒီဇင်ဘာ ၅ ရက် ထိပ်တန်း နိုင်ငံတကာ သတင်း,၅ ဒီဇင်ဘာ ၂၀၂၃
ဆစ်ခ် ခွဲထွက်ရေးသမား ကနေဒါမှာ သတ်ဖြတ်မခံရခင် အမေရိကန် အေးဂျင့်တွေ ဘာတွေသိထားခဲ့လဲ,၅ ဒီဇင်ဘာ ၂၀၂၃
ကြာပိုင်ရွာက မီးလောင်ရုပ်အလောင်းတွေ,၄ ဒီဇင်ဘာ ၂၀၂၃
ပါလက်စတိုင်းတွေကို တောက်ဘက်ပိုင်းပိုကျတဲ့ နေရာတွေကို ထပ်ရွှေ့ဖို့ အစ္စရေးပြော - ဒီဇင်ဘာ ၄ ရက် ထိပ်တန်း နိုင်ငံတကာ သတင်းများ,၄ ဒီဇင်ဘာ ၂၀၂၃
ဒီဇင်ဘာ ၄ ရက် ထိပ်တန်းသတင်းများ - မိကျောင်းမုန်တိုင်းကြောင့် မိုးရွာသွန်းမှုများပြီး လေပြင်းတိုက်ခတ်နိုင်,၄ ဒီဇင်ဘာ ၂၀၂၃
အင်ဒိုနီးရှားက မာရာပီ မီးတောင်ပေါက်ကွဲမှု တောင်တက်သမား ၁၁ ဦးသေဆုံး,၄ ဒီဇင်ဘာ ၂၀၂၃
ခန်းယူနစ်က ထွက်ကြဖို့ အစ္စရေး သတိပေး - ဒီဇင်ဘာ ၃ ရက် ညချမ်း ကမ္ဘာ့ သတင်းများ,၃ ဒီဇင်ဘာ ၂၀၂၃
ထိုင်းသင်္ကြန်ကို ဧပြီတစ်လလုံးကျင်းပဖို့စီစဉ်,၃ ဒီဇင်ဘာ ၂၀၂၃
ဖိလစ်ပိုင် - ကက်သလစ်ဘာသာဝင်တွေဆုတောင်းပွဲမှာပေါက်ကွဲမှုဖြစ် ၃ ဦးသေဆုံး,၃ ဒီဇင်ဘာ ၂၀၂၃
ရိုဟင်ဂျာ လေးရာ ပင်လယ်ထဲမျော - ဒီဇင်ဘာ ၂ ရက် ညချမ်း ကမ္ဘာ့ သတင်းများ,၂ ဒီဇင်ဘာ ၂၀၂၃
၁၀၂၇ စစ်ဆင်ရေးကနေ တရုတ်ဘာရသွားလဲ,၂ ဒီဇင်ဘာ ၂၀၂၃
အမေရိကန်လွှတ်တော်အမတ် ထုတ်ပယ်ခံရမှု ဘာတွေထူးခြားလဲ,၂ ဒီဇင်ဘာ ၂၀၂၃
မြန်မာစစ်ရှောင်တွေကို အတင်းမပြန်ခိုင်းဖို့ ထိုင်းကို HRW တိုက်တွန်း,၂ ဒီဇင်ဘာ ၂၀၂၃
ကော့ကရိတ်မှာ တိုက်ပွဲ ပြင်းထန်,၁ ဒီဇင်ဘာ ၂၀၂၃
ဂါဇာတောင်ပိုင်းကနေ ပါလက်စတိုင်းတွေ ထွက်ခွာကြဖို့ အစ္စရေးလိုက်သတိပေးနေ-ဒီဇင်ဘာလ ၁ ရက် ညပိုင်းသတင်းများ,၁ ဒီဇင်ဘာ ၂၀၂၃
ကုန်းကြမ်းကို ပြန်လည်သိမ်းပိုက်နိုင်ပြီလို့ MNDAA ပြော,၃၀ နိုဝင်ဘာ ၂၀၂၃
မဟာမိတ်တွေ နည်းပညာသာလွန်ကြောင်း စစ်ကောင်စီပြော,၃၀ နိုဝင်ဘာ ၂၀၂၃
ဂျေရုဆလင်နဲ့ အနောက်ဘက်ကမ်းမှာ ပစ်ခတ်မှုတွေဖြစ်,၃၀ နိုဝင်ဘာ ၂၀၂၃
နီပေါမှာ လိင်တူ လက်ထပ်ခွင့်ပြုပြီ - နိုဝင်ဘာ ၃၀ ညပိုင်း နိုင်ငံတကာသတင်းများ,၃၀ နိုဝင်ဘာ ၂၀၂၃
တရုတ်ဆန့်ကျင်ရေးပေါ်လာအောင် ဖန်တီးနေတယ်လို့ NUG နဲ့ စစ်ကောင်စီ အပြန်အလှန်ပြော,၃၀ နိုဝင်ဘာ ၂၀၂၃
ဟားမတ်စ်လွှတ်ပေးလိုက်တဲ့ ထိုင်းနိုင်ငံသားတွေ အမိမြေပြန်ရောက်,၃၀ နိုဝင်ဘာ ၂၀၂၃
အမေရိကန်နိုင်ငံခြားရေးဝန်ကြီးဟောင်း ဟင်နရီကစ်ဆင်ဂျာ အသက် ၁၀၀ မှာ ကွယ်လွန်,၃၀ နိုဝင်ဘာ ၂၀၂၃
ရာသီဥတုပြောင်းလဲမှုကို တရုတ်လျှပ်စစ်ကား  တားနိုင်မလား,၂၉ နိုဝင်ဘာ ၂၀၂၃
ချင်းပြည်နယ်တွင်းက မြို့ ၅ မြို့ကို ဒေသကာကွယ်ရေးတွေ သိမ်းထား,၂၉ နိုဝင်ဘာ ၂၀၂၃
ရွှေပြည်အေးမြို့ကို ကာကွယ်ရေးတပ်တွေ သိမ်း,၂၉ နိုဝင်ဘာ ၂၀၂၃
ဂျနင်းမှာ အစ္စရေး စီးနင်း- နိုဝင်ဘာ ၂၉ ညပိုင်း နိုင်ငံတကာသတင်းများ,၂၉ နိုဝင်ဘာ ၂၀၂၃
နိုဝင်ဘာ ၂၉ ရက် ထိပ်တန်းသတင်းများ - ပြန်ကြားရေးဝန်ကြီးဟောင်းဦးရဲထွဋ် ကို စစ်ကောင်စီက နှစ်ရှည် ထောင်ဒဏ်ချ,၂၉ နိုဝင်ဘာ ၂၀၂၃
အမေရိကန်စစ်လေယာဥ် ဂျပန်ကမ်းလွန်မှာ ပျက်ကျ,၂၉ နိုဝင်ဘာ ၂၀၂၃
‘‘ကျွန်တော် အပစ်ခံလိုက်ရပြီ ဖွားဖွား’’ - ဗားမောင့်မှာ ပစ်ခတ်ခံရတဲ့ ပါလက်စတိုင်းကျောင်းသား,၂၉ နိုဝင်ဘာ ၂၀၂၃
လာအိုသံအမတ်ကြီး ဗိုလ်ချုပ်(ငြိမ်း) မြတ်သက်ဦး စစ်ဆေးခံနေရ,၂၉ နိုဝင်ဘာ ၂၀၂၃
ပါကစ္စတန်က သိုးထိန်း အမျိုးသမီးများ,၂၈ နိုဝင်ဘာ ၂၀၂၃
တရုတ်စစ်သင်္ဘောတွေ ရန်ကုန်ရောက်,၂၈ နိုဝင်ဘာ ၂၀၂၃
၁၀၂၇ စစ်ဆင်ရေးနဲ့ အရပ်သားသေဆုံးမှု,၂၈ နိုဝင်ဘာ ၂၀၂၃
အိန္ဒိယလုပ်သားတွေ ကယ်ထုတ်ခါနီးပြီ - နိုဝင်ဘာ ၂၈ ညပိုင်း နိုင်ငံတကာသတင်းများ,၂၈ နိုဝင်ဘာ ၂၀၂၃
နိုဝင်ဘာ ၂၈ ရက် ထိပ်တန်းသတင်းများ - စစ်အာဏာသိမ်းထားတဲ့ မြန်မာမှာ ရာသီဥတုအန္တရာယ်ပိုဆိုးလာတယ်လို့ ကုလပြော,၂၈ နိုဝင်ဘာ ၂၀၂၃
ဂါဇာမှာ အပစ်ရပ် သဘောတူမှု နောက်ထပ် ရက်တိုးနိုင်ဖို့ မျှော်လင့်,၂၇ နိုဝင်ဘာ ၂၀၂၃
မူဆယ် ၁၀၅ မိုင် ကုန်သွယ်ရေးဇုန် တိုက်ပွဲ ထိခိုက် သေဆုံးမှုတွေ ရှိ,၂၇ နိုဝင်ဘာ ၂၀၂၃
ဂါဇာ ဓားစာခံကိစ္စ ဆက်ညှိနှိုင်း - နိုဝင်ဘာ ၂၇ ညပိုင်း နိုင်ငံတကာသတင်းများ,၂၇ နိုဝင်ဘာ ၂၀၂၃
‘‘လှိမ့်လုံးလို့ထင်မိခဲ့တဲ့ ရာသီဥတုပြောင်းလဲမှုအကြောင်းကို အခုတော့ ကိုယ်တိုင်ပြန်သင်ပေးနေပါပြီ’’,၂၇ နိုဝင်ဘာ ၂၀၂၃
နိုဝင်ဘာ ၂၇ ရက် ထိပ်တန်းသတင်းများ - မူဆယ် ၁၀၅ မိုင်ကုန်သွယ်ရေးဇုန်မှာ တိုက်ပွဲပြင်းထန်၊ လက်နက်ကြီးကျလို့ အဆောက်အဦတွေပျက်စီး,၂၇ နိုဝင်ဘာ ၂၀၂၃
ထိုင်းမင်္ဂလာပွဲမှာ သတို့သားက သတို့သမီးကို ပစ်သတ်,၂၇ နိုဝင်ဘာ ၂၀၂၃
ဟားမတ်စ်တွေရဲ့ ဓားစာခံတွေ ပြန်လွှတ်ရေး အစီအစဉ်  ရှေ့ဆက်နေ - နိုဝင်ဘာ ၂၆ ထိပ်တန်း နိုင်ငံတကာ သတင်းများ,၂၆ နိုဝင်ဘာ ၂၀၂၃
ဟားမတ်စ်ဖမ်းထားတဲ့ အစ္စရေးဓားစာခံ ဒုတိယအသုတ်ပြန်လွတ်လာ,၂၆ နိုဝင်ဘာ ၂၀၂၃
နိုဝင်ဘာ ၂၆ ရက်ထိပ်တန်းသတင်းများ - ဟုမ္မလင်းမှာ စစ်တပ်စခန်းတိုက်ခိုက်ခံရပြီး စစ်ရေးတင်းမာ,၂၆ နိုဝင်ဘာ ၂၀၂၃
ယူကရိန်းရဲ့ ပူဆွေးဖွယ် “ဟိုလိုဒိုမော အောက်မေ့ဖွယ်နေ့” မှာ စံချိန်တင် ဒရုန်းအရေအတွက် သုံးပြီး ရုရှားတိုက်ခိုက် - နိုဝင်ဘာ ၂၅ ညပိုင်း ထိပ်တန်းသတင်းများ,၂၅ နိုဝင်ဘာ ၂၀၂၃
အစ္စရေးနဲ့ ဟားမတ်စ်ကြား ဘာတွေသဘောတူခဲ့လဲ,၂၅ နိုဝင်ဘာ ၂၀၂၃
လွိုင်ကော်မြို့တွင်း တိုက်ပွဲအခြေအနေ,၂၄ နိုဝင်ဘာ ၂၀၂၃
ဂါဇာမှာ ယာယီအပစ်ရပ်,၂၄ နိုဝင်ဘာ ၂၀၂၃
ယူကရိန်းမှာနေတဲ့ ရုရှားလူမျိုးများ,၂၄ နိုဝင်ဘာ ၂၀၂၃
အစ္စရေးဓားစာခံတွေနဲ့ ထိုင်းဓားစာခံတွေ ပြန်လွတ်လာပြီ-နိုဝင်ဘာလ ၂၄ ရက်ညပိုင်း နိုင်ငံတကာ သတင်းများ,၂၄ နိုဝင်ဘာ ၂၀၂၃
နိုဝင်ဘာ ၂၄ ရက်ထိပ်တန်းသတင်းများ - ကျန်းမာရေးဝန်ထမ်းတွေ မရှိတော့လို့ ဘုတလင်ပြည်သူ့ဆေးရုံ ပိတ်လိုက်ရ,၂၄ နိုဝင်ဘာ ၂၀၂၃
ဂါဇာထဲက နောက်ဆုံး အခြေအနေ,၂၃ နိုဝင်ဘာ ၂၀၂၃
ဂါဇာမှာ သောကြာနေ့ ယာယီအပစ်ရပ်စမယ် - နိုဝင်ဘာ ၂၃ ရက် ညပိုင်း နိုင်ငံတကာသတင်းများ,၂၃ နိုဝင်ဘာ ၂၀၂၃
ဂါဇာမှာ ယာယီအပစ်ရပ်မယ်,၂၂ နိုဝင်ဘာ ၂၀၂၃
ရှမ်းပြည်နယ် မြောက်ပိုင်းမှာ စစ်ပြေး ဒုက္ခသည် တိုးလာ,၂၂ နိုဝင်ဘာ ၂၀၂၃
အရွယ်မတိုင်ခင် အိမ်ထောင်ချထားမှုကို ကိုင်တွယ်ဖြေရှင်းနေသူများ,၂၂ နိုဝင်ဘာ ၂၀၂၃
အပစ်ရပ် မစခင် ဂါဇာမှာ အစ္စရေးက တိုက်ခိုက်မှုတွေ ဆက်လုပ်နေ-နိုဝင်ဘာလ ၂၂ ရက် ညပိုင်းနိုင်ငံတကာသတင်းများ,၂၂ နိုဝင်ဘာ ၂၀၂၃
ပုံမှန်အခြေအနေဆိုရင် ကုဖို့လွယ်တဲ့ ရောဂါတွေနဲ့ ဂါဇာကလေးငယ်တွေ သေဆုံးနေကြရ,၂၁ နိုဝင်ဘာ ၂၀၂၃
လောင်းကစားမှုနဲ့ ဖမ်းထားတဲ့ တရုတ်နိုင်ငံသားတွေကို စစ်ကောင်စီ အရေးယူမယ်,၂၁ နိုဝင်ဘာ ၂၀၂၃
ဟားမတ်စ် အစ္စရေးအပစ်ရပ်ရေး နီးလာ-နိုဝင်ဘာလ ၂၁ ရက် ညပိုင်း နိုင်ငံတကာသတင်းများ,၂၁ နိုဝင်ဘာ ၂၀၂၃
ကိုးကန့် ဘီလီယံနာမိသားစုတွေ သောကပွေချိန်,၂၁ နိုဝင်ဘာ ၂၀၂၃
ဂါဇာထဲ လောင်စာဆီ နောက်ထပ်တချို့ အစ္စရေး ဝင်ခွင့်ပြု  - နိုဝင်ဘာ ၂၁ မနက်ခင်း ထိပ်တန်း သတင်း,၂၀ နိုဝင်ဘာ ၂၀၂၃
ယူကရိန်းမှာ စစ်မှုမထမ်းချင်လို့ရှောင်ပြေးသူ သောင်းနဲ့ချီရှိ,၂၀ နိုဝင်ဘာ ၂၀၂၃
၁၀၂၇ စစ်ဆင်ရေးဟာ BRI ခေတ်သစ်ပိုးလမ်းမ စီမံကိန်းတွေကို ထိခိုက်မှုရှိနိုင်မလား,၂၀ နိုဝင်ဘာ ၂၀၂၃
ဂါဇာက နောက်ထပ်ဆေးရုံတစ်ခု တိုက်ခိုက်ခံရ-နိုဝင်ဘာလ ၂၀ ရက် ညပိုင်း နိုင်ငံတကာသတင်းများ,၂၀ နိုဝင်ဘာ ၂၀၂၃
အမေရိကန်သမ္မတကတော်ဟောင်း ရိုစလင်းကာတာ အသက် ၉၆ နှစ်အရွယ်မှာ ကွယ်လွန်,၂၀ နိုဝင်ဘာ ၂၀၂၃
စစ်မှုမထမ်းရအောင် ယူကရိန်းအမျိုးသားတွေ ဘယ်လိုတိမ်းရှောင်နေကြလဲ,၂၀ နိုဝင်ဘာ ၂၀၂၃
ရက်သားလသား ကလေးလူနာတွေကို အယ်ရှီဖာ ဆေးရုံကနေ ရွှေ့ပြောင်း - နိုဝင်ဘာ ၁၉ ရက်နိုင်ငံတကာသတင်းများ,၁၉ နိုဝင်ဘာ ၂၀၂၃
ကျည်ဆန်ထက် သတ်အားပြင်းတဲ့ အိမ်သာမလုံလောက်မှု,၁၉ နိုဝင်ဘာ ၂၀၂၃
ဖရဲသီးက ပါလက်စတိုင်းရဲ့ သင်္ကေတ ဘယ်လို ဖြစ်လာသလဲ,၁၈ နိုဝင်ဘာ ၂၀၂၃
ကတ်ကိုဘိန်းရဲ့  ဂစ်တာ နောက်တစ်လက် ဒေါ်လာတစ်သန်းကျော် ထပ်ရပြန်ပြီ - နိုဝင်ဘာ ၁၈ ရက်  နိုင်ငံတကာ သတင်းများ,၁၈ နိုဝင်ဘာ ၂၀၂၃
ရေနဲ့ အောက်စီဂျင်တွေ ပြတ်နေပြီလို့ အယ်လ်ရှီဖာဆေးရုံဒါရိုက်တာပြော,၁၈ နိုဝင်ဘာ ၂၀၂၃
ဝန်ထမ်းတွေနဲ့ လုံခြုံရေး အဖွဲ့တွေ ဖွဲ့စည်းမယ်,၁၇ နိုဝင်ဘာ ၂၀၂၃
အိန္ဒိယ အမျိုးသမီး ၂ ဦးရဲ့ ထိတ်လန့်ဖွယ် အတွေ့အကြုံ,၁၇ နိုဝင်ဘာ ၂၀၂၃
ဂါဇာကို တစ်ရက် ဆီကား နှစ်စီး ဝင်ခွင့်ပြု - နိုဝင်ဘာ ၁၇ ရက် ညပိုင်း နိုင်ငံတကာသတင်းများ,၁၇ နိုဝင်ဘာ ၂၀၂၃
ဒေလီမြို့တော်က မီးခိုးမြူကို မိုးတုရွာပြီး ရှင်းနိုင်မလား,၁၇ နိုဝင်ဘာ ၂၀၂၃
ဟားမတ်စ်တို့နည်းနဲ့ မြောက်ကိုရီးယားက တိုက်ခိုက်လာမှာကို တောင်ကိုရီးယား စိုးရိမ်,၁၆ နိုဝင်ဘာ ၂၀၂၃
အယ်လ်ရှီဖာဆေးရုံထဲမှာ ဟားမတ်စ်တွေရဲ့ လက်နက်တွေ သိမ်းဆည်းမိတယ်လို့ အစ္စရေးပြော - နိုဝင်ဘာလ ၁၆ ရက်ညပိုင်း သတင်းများ,၁၆ နိုဝင်ဘာ ၂၀၂၃
တရုတ်ဝရမ်းထုတ်ထားတဲ့ ကိုးကန့်သူဌေးကြီး မြီရှောက်ချန်း သေဆုံး,၁၆ နိုဝင်ဘာ ၂၀၂၃
အဆင့်မြင့်အရာရှိအဆင့် စစ်ဘက်ဆက်ဆံရေးပြန်စဖို့ ကန်နဲ့ တရုတ်သဘောတူ,၁၆ နိုဝင်ဘာ ၂၀၂၃
APEC ထိပ်သီးညီလာခံကြီး ဆန်ဖရန်စစ္စကိုမှာ စတင်,၁၅ နိုဝင်ဘာ ၂၀၂၃
အစ္စရေးစစ်တပ်တွေ ဂါဇာက အယ်ရှီဖာ ဆေးရုံထဲ၀င်စီး - နို၀င်ဘာ ၁၅ ရက် ညနေခင်း သတင်းများ,၁၅ နိုဝင်ဘာ ၂၀၂၃
၁၀၂၇ စစ်ဆင်ရေးမှာ ဒရုန်းနဲ့ဘယ်လိုတိုက်ခိုက်လဲ,၁၅ နိုဝင်ဘာ ၂၀၂၃
နိုဝင်ဘာ ၁၅ ရက် ထိပ်တန်းသတင်းများ -  မတ္တရာမှာ တိုက်ပွဲပြင်းထန်,၁၅ နိုဝင်ဘာ ၂၀၂၃
‘‘ဘယ်တော့မှ အရှုံးမပေးဘူး’’- ဝတ်လစ်စလစ်နှိပ်စက်ခံရတဲ့အမျိုးသမီးတွေ,၁၅ နိုဝင်ဘာ ၂၀၂၃
အယ်လ် ရှီဖာ ဆေးရုံမှာ အလောင်းတွေ ပုံနေ,၁၄ နိုဝင်ဘာ ၂၀၂၃
ရေခဲတိုက်တွေ မလည်ပတ်နိုင်လို့ အလောင်းတွေ ဆေးရုံမှာ မြှုပ်နေရတဲ့ ဂါဇာ - နို၀င်ဘာ ၁၄ ရက် ညပိုင်း နိုင်ငံတကာသတင်းများ,၁၄ နိုဝင်ဘာ ၂၀၂၃
ဂါဇာထဲက ဆေးရုံတွေ အခြေအနေဆိုးရွား,၁၃ နိုဝင်ဘာ ၂၀၂၃
ဒေဝါလီပွဲတော်အပြီး ဒေလီ လေထုက ပိုဆိုးဝါးလာနေ ဆိုတဲ့ သတင်းနဲ့အတူ  (နိုဝင်ဘာလ ၁၃ ရက် - နိုင်ငံတကာ သတင်းများ),၁၃ နိုဝင်ဘာ ၂၀၂၃
ဒေးဗစ်ကင်မရွန်း ယူကေ နိုင်ငံခြားရေးဝန်ကြီးဖြစ်လာ,၁၃ နိုဝင်ဘာ ၂၀၂၃
ကြင်ရာရှာပေးတဲ့တရုတ်မိခင်တွေနောက်ကွယ်ကမဟာမိတ် ဘယ်သူလဲ,၁၃ နိုဝင်ဘာ ၂၀၂၃
အိန္ဒိယမှာ ဆောက်လုပ်ဆဲတူးမြောင်းပြိုကျလို့ လုပ်သားတွေပိတ်မိနေ - နိုဝင်ဘာလ ၁၂ ရက်နိုင်ငံတကာသတင်းများ,၁၂ နိုဝင်ဘာ ၂၀၂၃
အမေရိကန်နဲ့ တရုတ် သမ္မတတွေ တွေ့ဆုံမှုက ဘာမျှော်လင့်နိုင်မလဲ,၁၁ နိုဝင်ဘာ ၂၀၂၃
ဂါဇာမှာ ချက်ချင်း အပစ်ရပ်ဖို့ အာရပ် ထိပ်သီးစည်းဝေး တောင်းဆို- နို၀င်ဘာ ၁၁ ညပိုင်း နိုင်ငံတကာ သတင်းများ,၁၁ နိုဝင်ဘာ ၂၀၂၃
အစ္စရေး ဂါဇာ စစ်ပွဲ - စစ်ရာဇဝတ်မှုတွေ ကျူးလွန်နေကြသလား,၁၀ နိုဝင်ဘာ ၂၀၂၃
အမြောက်ဒုံးကျည်၊ ပျက်စီး ထိခိုက်မှုတွေကြား ဂါဇာက အရပ်သားတွေရဲ့ နေ့စဉ်ဖြတ်သန်းရတဲ့ အခြေအနေ,၁၀ နိုဝင်ဘာ ၂၀၂၃
ဗြိတိန်လက်အောက်က မြန်မာ လွတ်မြောက်တာ ၇၅ နှစ်ပြည့် မြန်မာ့သမိုင်းဝင်ပစ္စည်းတွေ ဗြိတိသျှ ပြတိုက်မှာ ပြသ,၁၀ နိုဝင်ဘာ ၂၀၂၃
ချီကန်ဂန်ညာ (ဆင်တုပ်ကွေး) ကာကွယ်ဆေး အမေရိကန် ပထမဆုံး အတည်ပြု,၁၀ နိုဝင်ဘာ ၂၀၂၃
မြန်မာပြည်မြောက်ပိုင်းနဲ့ ဂါဇာမှာ အပစ်ရပ်ဖို့ ကုလပန်ကြား- နို၀င်ဘာ ၁၀ ရက် ညပိုင်း နိုင်ငံတကာသတင်းများ,၁၀ နိုဝင်ဘာ ၂၀၂၃
အစ္စရေးက ဂါဇာမှာ တစ်ရက်လေးနာရီအပစ်ရပ်မယ်,၁၀ နိုဝင်ဘာ ၂၀၂၃
နိုဝင်ဘာ ၁၀ ရက်ထိပ်တန်းသတင်းများ -ရိုဟင်ဂျာတွေနေရပ်ပြန်ရေး စစ်ကောင်စီနဲ့ ကုလဆွေးနွေး,၁၀ နိုဝင်ဘာ ၂၀၂၃
ဂါဇာဒေသမြောက်ပိုင်းကို ဟားမတ်စ်တို့ လက်လွှတ်လိုက်ရ,၉ နိုဝင်ဘာ ၂၀၂၃
ထိုင်းကမ္ဘာလှည့်ခရီးသွားလုပ်ငန်း ပြန်ခေါင်းမော့လာပြီလား,၉ နိုဝင်ဘာ ၂၀၂၃
ထိုင်ဝမ် တရားခွင်ထဲ ရောက်နေတဲ့ တရုတ်ရဲ့ “ကွန်မြူနစ် စပိုင်တွေ”,၉ နိုဝင်ဘာ ၂၀၂၃
အစ္စရေး - ဂါဇာ စစ်ပွဲကို ပြဆိုနေတဲ့ ကိန်းဂဏန်းများ,၉ နိုဝင်ဘာ ၂၀၂၃
အစ္စရေး မပါတဲ့ နိုင်ငံတကာ ညီလာခံမှာ ဂါဇာမှာ အပစ်ရပ်ဖို့ ပန်ကြား - နို၀င်ဘာ ၉ ရက် ညနေခင်း နိုင်ငံတကာသတင်းများ,၉ နိုဝင်ဘာ ၂၀၂၃
မွေးနေ့လက်ဆောင် လက်ပစ်ဗုံးပေါက်လို့ ယူကရိန်းတပ်ချုပ်ရဲ့လက်ထောက် သေဆုံး,၉ နိုဝင်ဘာ ၂၀၂၃
ဂါဇာပဋိပက္ခ အရှိန်မြင့်နေချိန်မှာ ယူကရိန်းစစ်ပွဲ အခြေအနေ ဘယ်လိုရှိနေသလဲ,၈ နိုဝင်ဘာ ၂၀၂၃
ဂါဇာမြို့ထဲ အစ္စရေးတပ်တွေ ဝင်ရောက်သွား,၈ နိုဝင်ဘာ ၂၀၂၃
ဟားမတ်စ် လိုဏ်ခေါင်း၀င်ပေါက် ရာကျော် ဖျက်ဆီးပစ်ခဲ့တယ်လို့ အစ္စရေးပြော - နို၀င်ဘာ ၈ ရက် ညနေခင်း နိုင်ငံတကာသတင်းများ,၈ နိုဝင်ဘာ ၂၀၂၃
လောက်ကိုင် - တိုက်ပွဲတွေဝန်းရံနေတဲ့မြို့,၈ နိုဝင်ဘာ ၂၀၂၃
ဝေလနယ်က ကြွက်ရှင်းလင်းရေး,၇ နိုဝင်ဘာ ၂၀၂၃
ဂါဇာစစ်ပွဲ တလပြည့်ပြီ,၇ နိုဝင်ဘာ ၂၀၂၃
ဂါဇာမြို့ကနေ အရပ်သားတွေထွက်ခွာဖို့ အစ္စရေးစစ်တပ်က ၄ နာရီအချိန်ပေးထား - နို၀င်ဘာ ၇ ရက် ညပိုင်း နိုင်ငံတကာသတင်းများ,၇ နိုဝင်ဘာ ၂၀၂၃
မြန်မာ - အိန္ဒိယနယ်စပ်က ခမ်းပတ်မြို့ကို NUG ထပ်မံသိမ်းပိုက်,၇ နိုဝင်ဘာ ၂၀၂၃
အမေရိကန်က ထိုင်ဝမ်ကို တိတ်တဆိတ် လက်နက်တပ်ပေးနေ,၇ နိုဝင်ဘာ ၂၀၂၃
တောင်ကိုရီးယားမှာ ကြမ်းပိုးတွေ ပြန့်ပွားနေလို့ အစိုးရ နှိမ်နင်းနေရ,၇ နိုဝင်ဘာ ၂၀၂၃
ဂါဇာ ငြိမ်းချမ်းရေးအတွက် ကြိုးစားချင်သူ,၆ နိုဝင်ဘာ ၂၀၂၃
ကောလင်းကို တော်လှန်ရေးတပ်တွေ သိမ်းပိုက်,၆ နိုဝင်ဘာ ၂၀၂၃
ဒေလီ အဆိပ်မြူခိုး၊ တရုတ်နှင်းမုန်တိုင်းနဲ့ ဂါဇာအခြေအနေအပါအဝင် နိုဝင်ဘာလ ၆ ရက်ညပိုင်းနိုင်ငံတကာသတင်းများ,၆ နိုဝင်ဘာ ၂၀၂၃
ဂါဇာမှာ အပစ်ရပ်ဖို့ အမေရိကန်နဲ့ ပါလက်စတိုင်းဆွေးနွေး,၆ နိုဝင်ဘာ ၂၀၂၃
ဖိလစ်ပိုင်မှာ ရေဒီယို သတင်းထောက်တယောက် တိုက်ရိုက်ထုတ်လွှင့်နေတုန်း သေနတ်သမားက ပစ်ခတ် သတင်းနဲ့အတူ  (နိုဝင်ဘာလ ၅ ရက် - နိုင်ငံတကာ သတင်းများ),၅ နိုဝင်ဘာ ၂၀၂၃
ဒုက္ခသည်တွေ ခိုလှုံနေရာ ဂါဇာ စာသင်ကျောင်း တိုက်ခိုက်ခံရ - နိုဝင်ဘာ ၄ ရက် ညပိုင်း နိုင်ငံတကာသတင်းများ,၄ နိုဝင်ဘာ ၂၀၂၃
အီလွန်မတ်စ်ခ်ကို  အေအိုင်အကြောင်း ယူကေဝန်ကြီးချုပ် မေးမြန်းခန်း,၄ နိုဝင်ဘာ ၂၀၂၃
နီပေါငလျင် - လူ ၁၀၀ ကျော်သေဆုံး ၁၀၀ ကျော်ဒဏ်ရာရ,၄ နိုဝင်ဘာ ၂၀၂၃
မှိုအဆိပ်သင့်မှု - သံသယရှိခံရသူအမျိုးသမီးကိုလူသတ်မှုနဲ့စွဲချက်တင်,၄ နိုဝင်ဘာ ၂၀၂၃
ဂါဇာထဲမှာ ပိတ်မိနေသူတွေရဲ့ အခြေအနေ,၃ နိုဝင်ဘာ ၂၀၂၃
ဘီးတဲလ်စ် အဖွဲ့ရဲ့ နောက်ဆုံး သီချင်း ထွက်ပေါ်လာပုံ,၃ နိုဝင်ဘာ ၂၀၂၃
အစ္စရေးနိုင်ငံသားတွေ သေနတ်ကိုင်ဖို့ ကြိုးစားကြ,၂ နိုဝင်ဘာ ၂၀၂၃
လူနာနဲ့ ပြည်ပနိုင်ငံကူးလက်မှတ်ကိုင်သူတွေ ရာဖာဂိတ်ကနေ အီဂျစ်ဘက်ကူး,၂ နိုဝင်ဘာ ၂၀၂၃
ရာဖာ နယ်စပ်ဂိတ်က ဘာ့ကြောင့် ဂါဇာရဲ့ အသက်သွေးကြောဖြစ်နေတာလဲ,၂ နိုဝင်ဘာ ၂၀၂၃
နိုင်ငံခြားသား ပတ်စပို့ကိုင်ဆောင်သူတွေကို ဂါဇာဒေသကနေ အီဂျစ်နိုင်ငံထဲ နောက်ထပ်ဝင်ခွင့်ပြုခဲ့-နိုဝင်ဘာလ ၂ ရက် ညပိုင်း နိုင်ငံတကာသတင်းများ,၂ နိုဝင်ဘာ ၂၀၂၃
အစ္စရေး-ဟားမတ်စ် စစ်ပွဲကနေ တရုတ် ဘာရချင်တာလဲ,၁ နိုဝင်ဘာ ၂၀၂၃
ဂါဇာတောင်ပိုင်း ဂျာဘာလီယာ ဒုက္ခသည်စခန်းကို အစ္စရေး လေကြောင်းတိုက်ခိုက်,၁ နိုဝင်ဘာ ၂၀၂၃
MOGE နဲ့ ဆက်စပ်ဘဏ္ဍာရေးဝန်ဆောင်မှု တချို့ အမေရိကန် ပိတ်ဆို့,၁ နိုဝင်ဘာ ၂၀၂၃
ပလ္လင်ရှေ့ ရောက်လာတဲ့ ၁၀၂၇ စစ်ဆင်ရေး,၁ နိုဝင်ဘာ ၂၀၂၃
"အစ္စရေး အရပ်သား ၁၂၀,၀၀၀ ကျော် သေနတ်လိုင်စင်လျှောက်",၁ နိုဝင်ဘာ ၂၀၂၃
ဂါဇာက ဒဏ်ရာရသူတွေ အီဂျစ်ဘက် ပို့ခွင့်ရ - နိုဝင်ဘာ ၁ ရက် ညနေခင်း နိုင်ငံတကာ သတင်းများ,၁ နိုဝင်ဘာ ၂၀၂၃
နိုဝင်ဘာ ၁ ရက် ထိပ်တန်းသတင်းများ - “၀” ဒေသထဲကို စစ်ရေးအရဝင်ရောက်တိုက်ခိုက်ရင်လက်တုံ့ပြန်မယ်လို့ “၀” ထုတ်ပြန်,၁ နိုဝင်ဘာ ၂၀၂၃
ဘင်္ဂလားဒေ့ရှ် အစိုးရဆန့်ကျင်ရေးဆန္ဒပြပွဲမှာ လူ နှစ်ဦးသေဆုံး,၁ နိုဝင်ဘာ ၂၀၂၃
ဂျူးတွေရဲ့လေယာဥ်ကို လူအုပ်ကြီးက ဝိုင်းပိတ်ရှာမှု ဆိုရှယ်မီဒီယာကနေ ဘယ်လိုစခဲ့လဲ,၃၁ အောက်တိုဘာ ၂၀၂၃
ဂါဇာထဲမှာ  တိုက်ပွဲ ပြင်းထန်၊ ဆေးရုံတွေ ဗုံးသင့် - အောက်တိုဘာ ၃၁ ရက် ညနေခင်း နိုင်ငံတကာသတင်းများ,၃၁ အောက်တိုဘာ ၂၀၂၃
ရုရှားသိမ်းထားတဲ့ယူကရိန်းမြို့မှာမိသားစုလိုက်ပစ်သတ်ခံရ,၃၁ အောက်တိုဘာ ၂၀၂၃
ဂါဇာထဲက အဲလ်ကတ်ဒ် ဆေးရုံအနီးဝန်းကျင်ပါ တိုက်ခိုက်ခံရ,၃၀ အောက်တိုဘာ ၂၀၂၃
ဂါဇာထဲမှာပိတ်မိနေသူများ အခြေအနေ,၃၀ အောက်တိုဘာ ၂၀၂၃
ရှမ်းပြည်မြောက်ပိုင်းမှာ ၄ ရက်ဆက် တိုက်ပွဲပြင်းထန်ဆဲ,၃၀ အောက်တိုဘာ ၂၀၂၃
တရုတ်နဲ့ဆွေးနွေးလိုတဲ့ ထိုင်ဝမ်အတိုက်အခံတွေ ပူးပေါင်းမှု သတင်းအပါအဝင် အောက်တိုဘာလ  ၃၀ ရက် - နိုင်ငံတကာ သတင်းများ,၃၀ အောက်တိုဘာ ၂၀၂၃
အောက်တိုဘာ ၃၀ ရက် ထိပ်တန်းသတင်းများ - ‘‘ဝ’’နဲ့ မိုင်းလားက အွန်လိုင်းလိမ်လည်မှုတွေ နှိမ်နင်းရေး တရုတ်ကို စစ်ကောင်စီ ဘာပြောလဲ,၃၀ အောက်တိုဘာ ၂၀၂၃
အောက်တိုဘာလ ၂၉ ရက် ညနေခင်း နိုင်ငံတကာသတင်းများ,၂၉ အောက်တိုဘာ ၂၀၂၃
အောက်တိုဘာ ၂၉ ရက်ထိပ်တန်းသတင်းများ - စစ်တွေက DMG သတင်းဌာန ဝင်ရောက်စီးနင်းခံရ,၂၉ အောက်တိုဘာ ၂၀၂၃
မြေပုံတွေကပြောပြတဲ့ ပိတ်ဆို့ခံ ဂါဇာဒေသခံတွေရဲ့ဘဝ,၂၈ အောက်တိုဘာ ၂၀၂၃
ဂါဇာကို ဗုံးကြဲမှု ပိုပြင်းထန်လာပြီး မြေပြင်စစ်ဆင်ရေးလည်း တိုးချဲ့ -  အောက်တိုဘာ ၂၈ ထိပ်တန်း နိုင်ငံတကာ သတင်းများ,၂၈ အောက်တိုဘာ ၂၀၂၃
ကုလအတွင်းရေးမှူးချုပ်နုတ်ထွက်ဖို့ အစ္စရေး တောင်းဆို,၂၈ အောက်တိုဘာ ၂၀၂၃
အောက်တိုဘာ ၇ တိုက်ခိုက်မှုနဲ့ ဟားမတ်စ် သဘောထား,၂၇ အောက်တိုဘာ ၂၀၂၃
ဂါဇာ ထိုးစစ်နဲ့ အစ္စရေးတွေရဲ့ သဘောထား,၂၇ အောက်တိုဘာ ၂၀၂၃
အစ္စရေးပိတ်ဆို့မှုကြောင့် ဂါဇာမှာ အခြေအနေ ပိုဆိုးလာတယ်လို့ ကုလသမဂ္ဂသတိပေး-အောက်တိုဘာလ ၂၇ ရက် ညပိုင်း နိုင်ငံတကာသတင်းများ,၂၇ အောက်တိုဘာ ၂၀၂၃
စစ်ဆင်‌ရေး ၁၀၂၇ - ရှမ်းပြည် မြောက်ပိုင်းက မဟာမိတ်စစ်ဆင်မှု,၂၇ အောက်တိုဘာ ၂၀၂၃
အမဲဖျက်ခံရမယ့် ကြောင် ၁၀၀၀ ကျော်ကို တရုတ်ရဲ ကယ်တင်,၂၇ အောက်တိုဘာ ၂၀၂၃
နျူကလီးယား စစ်ရေးလေ့ကျင့်မှုကြီး လုပ်ခဲ့တယ်လို့ ရုရှားပြော,၂၇ အောက်တိုဘာ ၂၀၂၃
ဂါဇာမှာ လောင်စာဆီပြတ်လုနီးပါးမို့  ခွဲစိတ်ကုသမှုတွေ လျော့ချထားရ,၂၆ အောက်တိုဘာ ၂၀၂၃
ပဋိပက္ခကြားက ဂါဇာကလေးငယ်များ,၂၆ အောက်တိုဘာ ၂၀၂၃
ထိုင်းရောက်မြန်မာတွေကို ၂၀၂၅ ဖေဖော်ဝါရီလအထိ ယာယီနေထိုင်အလုပ်လုပ်ခွင့် ပေးလိုက်ပြီ,၂၆ အောက်တိုဘာ ၂၀၂၃
ဂါဇာမြေပြင်ထိုးစစ်ဆင်မှု ကိုယ်တိုင် ဆုံးဖြတ်မယ်လို့ အစ္စရေးပြော - အောက်တိုဘာလ ၂၆ ညပိုင်း နောက်ဆုံးရသတင်းများ,၂၆ အောက်တိုဘာ ၂၀၂၃
တောင်တရုတ်ပင်လယ် - ဖိလစ်ပိုင်ကို တရုတ်တိုက်ရင် အမေရိကန် ဝင်ပါမယ်,၂၆ အောက်တိုဘာ ၂၀၂၃
အမေရိကန်မှာ သေနတ်သမားပစ်ခတ်လို့ ၁၆ ဦးထက်မနည်းသေဆုံး,၂၆ အောက်တိုဘာ ၂၀၂၃
ဂါဇာမှာ အကူအညီတွေ ထပ်ပို့ပေးနိုင်ရေး တိုက်ပွဲတွေ ဆိုင်းငံ့ထားဖို့ နိုင်ငံတကာ တောင်းဆို,၂၅ အောက်တိုဘာ ၂၀၂၃
အနောက်ဘက်ကမ်းက ပါလက်စတိုင်းတွေ ဒေါသစိတ်၊ ကြောက်ရွံ့စိတ်တွေ ထွက်ပေါ်နေ,၂၅ အောက်တိုဘာ ၂၀၂၃
ဂါဇာဒုက္ခသည် ၆ သိန်းအတွက် နေရာ မလုံလောက် အောက်တိုဘာ ၂၅ ညပိုင်း နိုင်ငံတကာ သတင်းများ,၂၅ အောက်တိုဘာ ၂၀၂၃
လီရှန်းဖူ - တရုတ်ကာကွယ်ရေးဝန်ကြီး ရာထူးက ထုတ်ပယ်ခံရ,၂၅ အောက်တိုဘာ ၂၀၂၃
ပင့်ကူအိမ်လို လိုဏ်ခေါင်းကွန်ရက်တွေဆီ ခေါ်သွားတယ်လို့ ပြန်လွတ်လာတဲ့ ဓားစာခံပြော - အောက်တိုဘာ ၂၄ ရက် ညနေခင်း နိုင်ငံတကာသတင်းများ,၂၄ အောက်တိုဘာ ၂၀၂၃
‘‘ငရဲကျခဲ့သလိုပဲ’’ - ဟားမတ်စ်လက်က ပြန်လွတ်လာတဲ့ အသက် ၈၅ နှစ်အရွယ် ဓားစာခံ,၂၄ အောက်တိုဘာ ၂၀၂၃
အစ္စရေး-ဂါဇာပဋိပက္ခမှာ ကြားညပ်ခဲ့ရတဲ့ထိုင်းတွေ,၂၄ အောက်တိုဘာ ၂၀၂၃
အောက်တိုဘာလ ၂၄ ရက် ထိပ်တန်းသတင်းများ - ခြံအမှတ် ၅၄ အမွေမှု နောက်ဆုံးသိရသမျှ,၂၄ အောက်တိုဘာ ၂၀၂၃
ဂါဇာထဲကို ကယ်ဆယ်ရေး ပစ္စည်းတွေ စဝင်,၂၃ အောက်တိုဘာ ၂၀၂၃
ဟစ်ဇ်ဘိုလာနဲ့ အစ္စရေးတိုက်ခိုက်မှု၊ အိန္ဒိယတပ်တွေ ထွက်ဖို့ မော်လဒိုက်ပြော - အောက်တိုဘာ၂၃ ရက်နိုင်ငံတကာသတင်းများ,၂၃ အောက်တိုဘာ ၂၀၂၃
"ဂါဇာမှာ သေဆုံးသူ ၅,၀၀၀ ကျော်သွားပြီ",၂၃ အောက်တိုဘာ ၂၀၂၃
အောက်တိုဘာ ၂၃ ရက် ထိပ်တန်းသတင်းများ - မြန်မာမှာ တရုတ်ရဲ့ရင်းနှီးမြှုပ်နှံမှု ထိပ်ဆုံးမှာ ဆက်ရှိနေ,၂၃ အောက်တိုဘာ ၂၀၂၃
တရုတ်ကန့်သတ်ချက်ကြောင့် ယူကရိန်းမှာ ဒရုန်းပစ္စည်းပြတ်မှာစိုးရိမ်ရ,၂၃ အောက်တိုဘာ ၂၀၂၃
ဖိလစ်ပိုင် နဲ့ တရုတ် သင်္ဘောတို့ တောင်တရုတ်ပင်လယ်မှာ နည်းနည်းတိုက်မိ သတင်း အပါအဝင် အောက်တိုဘာ ၂၂ ရက် ညပိုင်း နိုင်ငံတကာသတင်းတွေ,၂၂ အောက်တိုဘာ ၂၀၂၃
ဂါဇာကို ဗုံးကြဲမယ်လို့ အစ္စရေးပြောချိန် ညလုံးပေါက်တိုက်ခိုက်မှုမှာ လူ ၅၅ ဦးသေဆုံးတယ်လို့  ဟားမတ်စ်ပြော,၂၂ အောက်တိုဘာ ၂၀၂၃
အီဂျစ်ညီလာခံကနေ ဂါဇာ အပစ်ရပ်‌ရေး လမ်းပြမြေပုံ ထွက်လာဖို့ မျှော်လင့်ချက်နည်း,၂၁ အောက်တိုဘာ ၂၀၂၃
နာဝက် ရှာရစ်ဖ် - ပြည်တော်ပြန်လာမယ့် ပါကစ္စတန်စစ်တပ်ရဲ့ တစ်ချိန်က ရန်သူတော်,၂၁ အောက်တိုဘာ ၂၀၂၃
ဂါဇာ ဆေးရုံ ပေါက်ကွဲမှုနဲ့ ပတ်သက်လို့ ဘာတွေသိထားပြီလဲ,၂၀ အောက်တိုဘာ ၂၀၂၃
ဟားမတ်စ်ရဲ့ တိုက်ခိုက်မှု သက်သေခံတွေ ထွက်ပေါ်လာ,၂၀ အောက်တိုဘာ ၂၀၂၃
ရာဖာနယ်စပ်ဂိတ်တစ်ဖက်ခြမ်းက အကူအညီတွေ ဂါဇာထဲမှာ အကြီးအကျယ်လိုအပ်နေ - အောက်တိုဘာ ၂၀ ရက် ညခင်း သတင်းများ,၂၀ အောက်တိုဘာ ၂၀၂၃
ဂါဇာထဲမှာ အခြေအနေဆိုးရွားနေ,၂၀ အောက်တိုဘာ ၂၀၂၃
အစ္စရေးဆီ ဦးတည်နေတယ်လို့ ယူဆရတဲ့ ယီမင်က ပစ်လွှတ်လိုက်တဲ့ ဒုံးကျည်တွေကို 'ကန်'  စစ်သင်္ဘော ဟန့်တား,၂၀ အောက်တိုဘာ ၂၀၂၃
အောက်တိုဘာ ၂၀ ရက် ထိပ်တန်းသတင်းများ - မြန်မာမှာ လွတ်လပ်စွာထုတ်ဖော်ပြောဆိုခွင့် ဆိုးရွားစွာပျက်စီးနေပြီလို့ ဦးကျော်မိုးထွန်း ကုလမှာပြော,၂၀ အောက်တိုဘာ ၂၀၂၃
ဘေဂျင်း မရောက်တဲ့ စစ်ခေါင်းဆောင် နဲ့ တရုတ်ကို ခပ်စိပ်စိပ်ရောက်တဲ့ ဝန်ကြီးတွေ,၂၀ အောက်တိုဘာ ၂၀၂၃
ဟားမတ်စ် တိုက်ခိုက်မှုအပေါ် အစ္စရေးတွေရဲ့ ခံစားချက်,၁၉ အောက်တိုဘာ ၂၀၂၃
ဂါဇာက စစ်မီး အရှေ့အလယ်ပိုင်းကို ကူးစက်မလား,၁၉ အောက်တိုဘာ ၂၀၂၃
ဂါဇာကို မဝင်ခင် အစ္စရေးတို့ စဉ်းစားနေနိုင်တာတွေ,၁၉ အောက်တိုဘာ ၂၀၂၃
အစ္စရေးတိုက်ခိုက်မှုအတွင်း ဟားမတ်စ်ခေါင်းဆောင်အများအပြား သေဆုံး-အောက်တိုဘာလ ၁၉ ရက် ညပိုင်း နောက်ဆုံးရသတင်းများ,၁၉ အောက်တိုဘာ ၂၀၂၃
ဂါဇာအသက်သွေးကြော ရာဖာနယ်စပ်ဂိတ်ကနေ အကူအညီကားတွေကို အီဂျစ် ဝင်ခွင့်ပြုပြီ,၁၉ အောက်တိုဘာ ၂၀၂၃
အောက်တိုဘာ ၁၉ ရက်ထိပ်တန်းသတင်းများ - ဘတ်ဂျတ်ငွေ စိစစ်ဖို့ စစ်ခေါင်းဆောင်ပြင်နေ,၁၉ အောက်တိုဘာ ၂၀၂၃
လက်ဘနွန်က ဟစ်ဇ်ဘိုလာ ဆိုတာ ဘယ်သူတွေလဲ,၁၈ အောက်တိုဘာ ၂၀၂၃
ဂါဇာက ပြေးဖို့ စောင့်နေသူတွေနဲ့ မပြေးကြသူများ,၁၇ အောက်တိုဘာ ၂၀၂၃
ဂါဇာကလူတွေအသက်ရှင်ဖို့ ပိုအရေးကြီးလာတဲ့ ရာဖာနယ်စပ်ဂိတ်,၁၇ အောက်တိုဘာ ၂၀၂၃
အစ္စရေး -ဂါဇာအရေးမှာ အသက်ပေးရတဲ့ သတင်းသမား ၁၀ယောက် ကျော်ရှိလာ,၁၇ အောက်တိုဘာ ၂၀၂၃
အောက်တိုဘာ ၁၇ ရက်ထိပ်တန်းသတင်းများ - မုန်လိုင်ခက်တိုက်ခိုက်ခံရပြီး တစ်ပတ်အကြာမှာ အနန့်ပါ လေကြောင်းတိုက်ခိုက်ခံရ,၁၇ အောက်တိုဘာ ၂၀၂၃
မြန်မာစစ်ကောင်စီ၊ ရုရှားနဲ့ တာလီဘန်တို့ တက်ရောက်တဲ့ တရုတ် ပိုးလမ်းမဖိုရမ်,၁၇ အောက်တိုဘာ ၂၀၂၃
ဂါဇာနောက်ဆက်တွဲ သိရသမျှ - အမေရိကန်သမ္မတ အစ္စရေး သွားမယ်,၁၇ အောက်တိုဘာ ၂၀၂၃
ဂါဇာကို ထိုးစစ်ဆင်ဖို့ အစ္စရေးတပ်တွေ ပြင်ဆင်,၁၆ အောက်တိုဘာ ၂၀၂၃
ဂါဇာကို ထိုးစစ်ဆင်ဖို့ အစ္စရေးတပ်တွေ ပြင်ဆင်,၁၆ အောက်တိုဘာ ၂၀၂၃
ဂါဇာဒေသခံတွေ ဘယ်လို ရင်ဆိုင်ဖြတ်သန်းနေသလဲ,၁၆ အောက်တိုဘာ ၂၀၂၃
ဂါဇာ - အစာရေစာပြတ်ပြီး လူနာတွေပြည့်နေတဲ့ ခန်ယွန်းနစ်မြို့,၁၆ အောက်တိုဘာ ၂၀၂၃
အစ္စရေးရဲ့ ဂါဇာ မြေပြင်ထိုးစစ် ဘယ်လိုပုံစံ ဖြစ်မလဲ,၁၅ အောက်တိုဘာ ၂၀၂၃
‘‘ဂါဇာဟာ အသူရာ‌ချောက်ထဲ တွန်းပို့ခံနေရတယ်’’ - ကုလသမဂ္ဂ,၁၅ အောက်တိုဘာ ၂၀၂၃
ဂါဇာ အိတ်ဇိုးတပ်စ် - အစ္စရေးလက်တုံ့ပြန်မှုကြောင့် လူတစ်သန်းနီးပါး အိုးအိမ်စွန့်ခွာ ထွက်ပြေး,၁၄ အောက်တိုဘာ ၂၀၂၃
သတင်းယူနေတဲ့ ဘီဘီစီသတင်းသမားတွေကို အစ္စရေးရဲ တိုက်ခိုက်,၁၄ အောက်တိုဘာ ၂၀၂၃
အစ္စရေး မြေပြင်ထိုးစစ်ခြိမ်းခြောက်မှု - ဂါဇာမှာ ဘာတွေဖြစ်နေလဲ,၁၃ အောက်တိုဘာ ၂၀၂၃
‘‘အသက် ကိုးချောင်းနဲ့ တိုက်ခိုက်ရေးသမား’’- ထင်ရှားသော ဟားမတ်စ် ခေါင်းဆောင်များ,၁၃ အောက်တိုဘာ ၂၀၂၃
အရပ်သားတွေ ဂါဇာမြောက်ပိုင်းက ထွက်ခွာဖို့ အစ္စရေးပြော - အောက်တိုဘာ ၁၃ ရက် ညနေခင်း နိုင်ငံတကာ သတင်းများ,၁၃ အောက်တိုဘာ ၂၀၂၃
ဟားမတ်စ်ရဲ့ မကြုံစဖူး တိုက်ခိုက်မှုကြီးကို အစ္စရေးတို့ ပြစ်တင်,၁၃ အောက်တိုဘာ ၂၀၂၃
အိုက်ဟော့ - တရုတ်က ဝရမ်းထုတ်တဲ့ ‘ဝ’ အရာရှိ,၁၃ အောက်တိုဘာ ၂၀၂၃
အစ္စရေးရဲ့ စစ်ရေးအရှိန်မြှင့်မှုနဲ့အတူ ပိတ်မိနေတဲ့ ဂါဇာအခြေအနေ,၁၂ အောက်တိုဘာ ၂၀၂၃
ကမ္ဘာ့အမြင်အာရုံနေ့ - မျက်စိကျန်းမာဖို့ ဘယ်လိုနေထိုင်ကြမလဲ,၁၂ အောက်တိုဘာ ၂၀၂၃
ဓားစာခံတွေ ပြန်လွှတ်မပေးမချင်း ဂါဇာကို အထောက်အပံ့ ခွင့်မပြုဘူးလို့ အစ္စရေးပြော-အောက်တိုဘာလ ၁၂ ရက် ညနေပိုင်း သတင်းများ,၁၂ အောက်တိုဘာ ၂၀၂၃
အောက်တိုဘာ ၁၂ ရက် ထိပ်တန်းသတင်းများ - အပစ်ရပ်စာချုပ် အ‌ပေါ်  KNU ၊ ABSDF နဲ့ CNF  ဘယ်လိုသဘောထားလဲ,၁၂ အောက်တိုဘာ ၂၀၂၃
ဟွန်ဆန် နဲ့ ဆာဆာကာဝါ မြန်မာပြည်လာမယ်,၁၂ အောက်တိုဘာ ၂၀၂၃
မြေပြင်ကနေ ဂါဇာထဲ ဝင်တိုက်ကောင်းတိုက်ဖို့ အစ္စရေးတပ်ဖွဲ့ ဝင်တွေ ပြင်ဆင်နေ,၁၁ အောက်တိုဘာ ၂၀၂၃
ကျောက်ဖြူ-ကူမင်းရထားလမ်းဖောက်လုပ်နိုင်ရေး မြေတိုင်းတာမှုတွေ စလုပ်ဆောင်,၁၁ အောက်တိုဘာ ၂၀၂၃
အစ္စရေးရဲ့ ခံစစ်စည်းတွေကို ဖြတ်ကျော်ဖို့ ဟားမတ်စ်တို့ သုံးခဲ့တဲ့ ဒုတိယကမ္ဘာစစ်က နည်းနာ တခု,၁၁ အောက်တိုဘာ ၂၀၂၃
ဂါဇာ လူမှုအခြေအနေ ယိုယွင်း- အောက်တိုဘာ ၁၁ ညပိုင်း နိုင်ငံတကာသတင်းများ,၁၁ အောက်တိုဘာ ၂၀၂၃
အစ္စရေးကို တိုက်တဲ့ အစီအစဉ် အီရန် ထောက်ပံ့ခဲ့သလား,၁၁ အောက်တိုဘာ ၂၀၂၃
ဟားမတ်စ်က အစ္စရေးကို ဘာ့ကြောင့် တိုက်ခိုက်ခဲ့တာလဲ,၁၀ အောက်တိုဘာ ၂၀၂၃
ဂါဇာမှာ နောက်ဆက်တွဲပြဿနာတွေ ကြီးထွားလာနိုင်တယ်လို့ ကုလသတိပေး - အောက်တိုဘာ ၁၀ ရက် ညနေခင်း နိုင်ငံတကာသတင်းများ,၁၀ အောက်တိုဘာ ၂၀၂၃
ဂါဇာနယ်စပ်ကို ထိန်းချုပ်နိုင်ပြီလို့ အစ္စရေးပြော,၁၀ အောက်တိုဘာ ၂၀၂၃
အကြားအာရုံချို့တဲ့ပေမဲ့ အိန္ဒိယ တရားရေးလောကမှာ မှတ်တိုင်ထူခဲ့သူ,၁၀ အောက်တိုဘာ ၂၀၂၃
ဂါဇာနဲ့နယ်စပ်ကို ထိန်းချုပ်နိုင်ပြီလို့ အစ္စရေးပြော,၁၀ အောက်တိုဘာ ၂၀၂၃
အစ္စရေးနဲ့ ဟားမတ်စ် ၃ ရက်ဆိုက်တိုက် တိုက်ခိုက်ဆဲ,၉ အောက်တိုဘာ ၂၀၂၃
တောင်ပိုင်းနေရာတွေအားလုံး ပြန်ထိန်းနိုင်ပြီလို့ အစ္စရေးပြော - အောက်တိုဘာ ၉ ရက် ညပိုင်း နိုင်ငံတကာသတင်းများ,၉ အောက်တိုဘာ ၂၀၂၃
တရုတ်ကဖမ်းထားတဲ့ ဘီလီယံနာ ကိုးကန့်သူဌေးကြီး,၉ အောက်တိုဘာ ၂၀၂၃
"ဂါဇာတိုက်ခိုက်မှုတွေကနေ သေဆုံးသူ ၁,၁၀၀ ကျော်အထိရှိလာ",၉ အောက်တိုဘာ ၂၀၂၃
အာဖဂန် ငလျင်ကြောင့် လူရာချီသေဆုံးတဲ့သတင်းအပါအဝင် အောက်တိုဘာ ၈ ရက်ညပိုင်း နိုင်ငံတကာသတင်းများ,၈ အောက်တိုဘာ ၂၀၂၃
အစ္စရေးဘက် ကသေဆုံးသူ ၆၀၀ ကျော်လာပြီလို့ အစ္စရေး ဘက်ကပြော,၈ အောက်တိုဘာ ၂၀၂၃
ကမ္ဘောဒီးယားက တရုတ်စီမံကိန်းကြီးတွေရဲ့ နောက်ကွယ်,၈ အောက်တိုဘာ ၂၀၂၃
အစ္စရေး စစ်သားနဲ့ အရပ်သားတွေ ဓားစာခံဖမ်းဆီးခံထားရတယ်လို့ အာဏာပိုင်တွေအတည်ပြု,၇ အောက်တိုဘာ ၂၀၂၃
အမေရိကန်အဆင့်မြင့်ကိုယ်စားလှယ် အဖွဲ့ရဲ့ နောက်ထပ်တချီ တရုတ် ခရီးစဥ်- အောက်တိုဘာ ၇ ရက် ထိပ်တန်း နိုင်ငံတကာ သတင်းများ,၇ အောက်တိုဘာ ၂၀၂၃
ဘန်ကောက်ပစ်ခတ်မှု - ခွင့်လွှတ်ပေးဖို့ တောင်းခံတဲ့ သေနတ်သမားရဲ့ မိဘတွေ,၇ အောက်တိုဘာ ၂၀၂၃
နိုဘဲလ်ငြိမ်းချမ်းရေးဆု - အီရန် အမျိုးသမီးအခွင့်အရေး လှုပ်ရှားသူ ချီးမြှင့်ခံရ,၆ အောက်တိုဘာ ၂၀၂၃
ဘန်ကောက်ပစ်ခတ်မှုမှာ ကြွေလွင့်ခဲ့ရတဲ့ မမိုးမြင့်,၆ အောက်တိုဘာ ၂၀၂၃
လူနေအိမ်တွေကို ရုရှား ဒုံးကျည်နဲ့တိုက်ခဲ့တယ်လို့ ယူကရိန်းပြော- အောက်တိုဘာ ၆ ရက် ညနေခင်း နိုင်ငံတကာသတင်းများ,၆ အောက်တိုဘာ ၂၀၂၃
﻿ဘန်ကောက်ပစ်ခတ်မှု - သေနတ်ရောင်းချသူ ၃ ဦးဖမ်းဆီးခံရ,၆ အောက်တိုဘာ ၂၀၂၃
ယူကရိန်း က စျာပန  ရုရှားရဲ့ လေကြောင်းတိုက်ခိုက်ခံရလို့ ၅၁ ဦးသေဆုံး,၆ အောက်တိုဘာ ၂၀၂၃
ယူကရိန်းစစ်ပွဲ ငွေကြေးထောက်ပံ့ရေး အီးယူ သတိပေးချက်ထုတ်ပြန် - အောက်တိုဘာ ၅ ရက် ညပိုင်း နိုင်ငံတကာသတင်းများ,၅ အောက်တိုဘာ ၂၀၂၃
"စင်ကာပူမှာ ကိုယ်ပိုင်ကားတစီး ဝယ်ခွင့်လက်မှတ်က   အမေရိကန် ဒေါ်လာ ၁၀၆,၀၀၀",၅ အောက်တိုဘာ ၂၀၂၃
သိမ်းမိတဲ့ကျည်ဆန် ၁ သန်းကျော်ကို ယူကရိန်းကို အမေရိကန်လွှဲပေး,၅ အောက်တိုဘာ ၂၀၂၃
ကန်လွှတ်တော် ဥက္ကဋ္ဌ ဖယ်ရှားခံရ,၄ အောက်တိုဘာ ၂၀၂၃
ဘန်ကောက်ပစ်ခတ်မှု သေဆုံးသူထဲ မြန်မာ ၁ ဦး ပါဝင်,၄ အောက်တိုဘာ ၂၀၂၃
အိန္ဒိယနဲ့တရုတ် ရန်မီးကြားညပ်သွားတဲ့ နီပေါလေဆိပ်,၄ အောက်တိုဘာ ၂၀၂၃
ဓာတုဗေဒဆိုင်ရာ နိုဗယ်ဆု အမေရိကန်က သုတေသီ ၃ ဦးချီးမြှင့်ခံရ - အောက်တိုဘာ ၄ ရက် ညနေခင်း နိုင်ငံတကာသတင်းများ,၄ အောက်တိုဘာ ၂၀၂၃
မြန်မာကို လက်နက်ရောင်းတယ်ဆိုတဲ့စွပ်စွဲချက် အင်ဒိုကုမ္ပဏီအချို့ ငြင်းဆို,၄ အောက်တိုဘာ ၂၀၂၃
တရုတ်ခါးပတ်လမ်းကို ယှဥ်မယ့် အိန္ဒိယ-ဥရောပ စင်္ကြံလမ်း,၃ အောက်တိုဘာ ၂၀၂၃
ဘန်ကောက် စျေး၀ယ်စင်တာ ပစ်ခတ်မှု အသက်၁၄ နှစ် လူငယ်ကို ရဲဖမ်းထား  - အောက်တိုဘာ ၃ ရက် ညနေခင်း နိုင်ငံတကာ သတင်းများ,၃ အောက်တိုဘာ ၂၀၂၃
ဘန်ကောက်က Siam Paragon စျေးဝယ်စင်တာထဲပစ်ခတ်မှု ၂ ဦးသေဆုံး,၃ အောက်တိုဘာ ၂၀၂၃
ကိုးကန့်လုပ်ငန်းရှင် ၁၁ ဦးကို တရုတ်ရဲဖမ်းဆီး,၃ အောက်တိုဘာ ၂၀၂၃
အောက်တိုဘာ ၃ ရက် ထိပ်တန်းသတင်းများ- ပွဲမိန့်တင်ဖို့ စဥ့်ကူးမြို့ပေါ်  သွားတဲ့ပျူစောထီးဖွဲ့ တိုက်ခိုက်ခံရ,၃ အောက်တိုဘာ ၂၀၂၃
ကိုဗစ်ကာကွယ်ဆေးနဲ့ ဆေးပညာ နိုဘဲလ်ဆုရ - အောက်တိုဘာလ ၂ ရက်ညနေခင်းနိုင်ငံတကာသတင်းများ,၂ အောက်တိုဘာ ၂၀၂၃
အောက်တိုဘာ ၂ ရက် ထိပ်တန်းသတင်းများ - ပဲခူး၊ ညောင်လေးပင် ပုဇွန်မြောင်းတိုက်ပွဲ အခြေအနေ ဘယ်လိုရှိလဲ,၂ အောက်တိုဘာ ၂၀၂၃
ဝါဆောက အတိုက်အခံတို့ရဲ့ အင်အားပြပွဲ သတင်းအပါအဝင် အောက်တိုဘာလ ၁ ရက်နေ့ ညပိုင်း နိုင်ငံ တကာသတင်းတွေ,၁ အောက်တိုဘာ ၂၀၂၃
နာမည်ကြီး တရုတ်အွန်လိုင်းငွေလိမ်ဂိုဏ်း ရုပ်ရှင်ကို စစ်ကောင်စီကန့်ကွက်,၁ အောက်တိုဘာ ၂၀၂၃
ငြင်းခုန်မှုတွေဖြစ်စေခဲ့တဲ့ အိန္ဒိယ ဆစ်ခ်ဘုရားကျောင်းက အမျိုးသမီးစုံတွဲ လက်ထပ်ပွဲ,၁ အောက်တိုဘာ ၂၀၂၃
ကမ္ဘာ့အကြီးဆုံး လူစီးကြောင်း ပေါ်ပေါက်တဲ့ တရုတ်ပြည်အားလပ်ရက် ရွှေရောင် သီတင်းပတ် - စက်တင်ဘာ ၃၀ နိုင်ငံတကာ ထိပ်တန်း သတင်း,၃၀ စက်တင်ဘာ ၂၀၂၃
တရုတ်စီးပွားရေး အကြပ်အတည်းက ကမ္ဘာကြီးပေါ် ဘယ်လို ရိုက်ခတ်နိုင်သလဲ,၃၀ စက်တင်ဘာ ၂၀၂၃
ဘီဘီစီသတင်းထောက်ကယ်ခဲ့တဲ့ လော်ရီကားထဲက အမျိုးသမီးတွေ,၃၀ စက်တင်ဘာ ၂၀၂၃
ပါကစ္စတန် ဗုံးကွဲမှု နှစ်ခုမှာ သေဆုံးသူ ၅၀ ကျော် - စက်တင်ဘာ ၂၉ ရက် ညနေခင်း နိုင်ငံတကာသတင်းများ,၂၉ စက်တင်ဘာ ၂၀၂၃
ပါကစ္စတန် အသေခံဗုံးခွဲမှု လူ ၅၀ ကျော် သေ၊ ၅၀ ကျော် ဒဏ်ရာရ,၂၉ စက်တင်ဘာ ၂၀၂၃
ရော့တာဒမ်ပစ်ခတ်မှု - လူသုံးဦးကို ပစ်သတ်တဲ့ သေနတ်သမားကို ဖမ်းထား,၂၉ စက်တင်ဘာ ၂၀၂၃
ရုရှား - မြန်မာ ပူးတွဲ စစ်ရေးလေ့ကျင့်,၂၈ စက်တင်ဘာ ၂၀၂၃
ထိုင်းဘုရင်ကို ဝေဖန်ရင် ထောင်ဒဏ်ဘယ်လောက် ကျနိုင်သလဲ,၂၈ စက်တင်ဘာ ၂၀၂၃
စက်တင်ဘာလ ၂၈ ရက် ထိပ်တန်းသတင်းများ - ကလေးမြို့တိုက်ပွဲ နှစ်ဖက်အကျအဆုံးအပြင် အရပ်သားအချို့ပါ သေဆုံး,၂၈ စက်တင်ဘာ ၂၀၂၃
အီရတ် မင်္ဂလာဆောင် မီးလောင်မှု လူ ၁၀၀ ထက်မနည်းသေဆုံး,၂၇ စက်တင်ဘာ ၂၀၂၃
တရုတ် နယ်စပ် နိုင်ငံကူးလက်မှတ်ဝင်ခွင့်- မြန်မာ အလုပ်သမားတွေရဲ့ မျှော်လင့်ချက်,၂၆ စက်တင်ဘာ ၂၀၂၃
နဂိုနို ကရာဘတ် လောင်စာဆီ သိုလှောင်ရုံ ပေါက်ကွဲမှု အနည်းဆုံး ၂၀ ဦး သေဆုံး-စက်တင်ဘာလ ၂၆ ရက် ညပိုင်း နိုင်ငံတကာသတင်းများ,၂၆ စက်တင်ဘာ ၂၀၂၃
ရာထူးဖြုတ်ချမှုတွေက တရုတ်သမ္မတ ရှီကျင့်ဖျင့်အတွက် အခက်တွေ့လာမလား,၂၆ စက်တင်ဘာ ၂၀၂၃
စက်တင်ဘာ ၂၆ ရက်ထိပ်တန်းသတင်းများ- ဒီပဲယင်း၊ ညောင်လှရွာ လေကြောင်း‌ကနေပစ်ခတ်ခံရ,၂၆ စက်တင်ဘာ ၂၀၂၃
တရုတ် ရပ်ဝန်းနဲ့လမ်း စီမံကိန်း ၁၀နှစ်ပြည့် အခမ်းအနား စစ်ကောင်စီကို ဖိတ်ကြားနိုင်သလား,၂၅ စက်တင်ဘာ ၂၀၂၃
တောင်တရုတ်ပင်လယ်ထဲ တရုတ်ရဲ့ရေမျောအဟန့်အတားတွေကို ဖိလစ်ပိုင်ဖယ်ရှား - စက်တင်ဘာ ၂၅ ရက်ညပိုင်း နိုင်ငံတကာသတင်းများ,၂၅ စက်တင်ဘာ ၂၀၂၃
ကမ္ဘာကို ဝင်တိုက်နိုင်ခြေရှိတဲ့ဂြိုဟ်သိမ်ဘန်နူးရဲ့ ကျောက်နမူနာတွေကို နာဆာရပြီ,၂၅ စက်တင်ဘာ ၂၀၂၃
စက်တင်ဘာ ၂၅ ရက် ထိပ်တန်းသတင်းများ - ဒရုန်းသုံးတိုက်ခိုက်မှုတွေက စိန်ခေါ်ချက်ဖြစ်လာတယ်လို့ စစ်ကောင်စီ ရဲချုပ်ပြော,၂၅ စက်တင်ဘာ ၂၀၂၃
